Batch_id,Batch_name,Batch_THF_ref,Batch_id,Date,Technicien_id,Batch_KC8,Masse_KC8,Volume_THF,Ref_plaque,Vitesse_agitation,Heure_debut,Lab_HR,Lab_T,BaG_T,BaG_H2O_ppm,BaG_O2_ppm,Observations,Batch_id,Date,Technicien_id,Ajout_THF_JourJ,Heure_ajout2,Volume_THF_ajout2,Heure_debut_sedimentation,Heure_fin_sedimentation,Sediments,Ctrl_visuel_couleur,Lab_HR,Lab_T,BaG_T,BaG_H2O_ppm,BaG_O2_ppm,Observations,Centrifugation,Batch_id,Date,Technicien_id,Debit_air_synthetique,Temps_oxidation,Lab_HR,Lab_T,Observations,Batch_id,Date,Technicien_id,m_OGD,m_THF,Abs_800,QC_Conc_OGD,QC_Categorie,Stockage_recipient,Stockage_Emplacement,Stockage_Utilisation,Observations
2,2301A,NA,2,2023-01-04,2,K01,5.0,500.0,1,230.0,2023-01-04 11:00:00,34.3,20.0,0.0,0.09,0.09,KF 10.3 ppm,2,2023-01-10,2,0,2023-01-10 00:00:00,500.0,2023-01-10 09:00:00,2023-01-10 09:35:00,NOIR ET OR,BRUN ORANGE,35.9,21.1,27.9,0.09,0.0,,1,2,2023-01-10,2,0.1,0.0,38.8,21.0,,2,2024-01-10,2,0.345,2.871,0.4,0.4,-1,,,,None
3,2301B,NA,3,2023-01-05,2,K01,5.0,500.0,2,230.0,2023-01-05 12:10:00,42.2,21.5,0.0,0.09,0.09,ERLENMEYER B,3,2023-01-11,3,0,2023-01-11 00:00:00,500.0,2023-01-11 09:05:00,2023-01-11 09:35:00,NOIR ET OR,JAUNE FONC,43.0,21.0,28.0,0.09,0.0,,1,3,2023-01-11,3,0.1,0.0,42.0,22.0,,3,2023-01-11,3,0.291,2.923,0.668,0.668,-1,,,,None
4,2301C,NA,4,2023-01-06,2,K01,4.8,500.0,3,230.0,2023-01-06 11:45:00,37.5,21.5,0.0,0.09,0.09,ERLENMEYER C,4,2023-01-12,2,0,2023-01-12 00:00:00,0.0,2023-01-12 09:00:00,2023-01-12 10:30:00,NOIR ET OR,NOIR,38.6,21.4,28.5,0.09,0.0,PAS DE CENRI,0,4,2023-01-12,2,0.1,0.0,38.6,21.4,,4,2023-01-12,2,0.19,2.787,8.6,8.6,-1,,,,None
5,2302A,NA,5,2023-01-11,3,K02,5.0,500.0,1,230.0,2023-01-11 11:45:00,42.0,22.0,0.0,0.09,0.3,ERLENMEYER A,5,2023-01-17,3,0,2023-01-17 00:00:00,500.0,2023-01-17 08:25:00,2023-01-17 08:55:00,,JAUNE FONCE,31.0,20.0,27.0,0.09,0.0,UN TUBE NON RECUP PBLM APRES CENTRI,1,5,2023-01-17,3,0.1,0.0,30.0,20.0,,5,2023-01-17,3,0.303,2.999,0.056,0.56,-1,,,,None
6,2302B,NA,6,2023-01-12,2,K02,5.0,500.0,2,230.0,2023-01-12 12:30:00,38.7,21.4,0.0,0.09,0.09,ERLENMEYER C,6,2023-01-17,2,0,2023-01-17 08:30:00,500.0,2023-01-17 08:40:00,2023-01-17 10:00:00,NOIR,NOIR,25.0,21.0,27.4,0.09,0.0,,0,6,2023-01-17,2,0.8,0.0,24.2,20.9,"2 TUBE OX POUR MESURE UV , 2 TUBE CENTRIFUGE",6,2023-01-17,2,0.31,2.945,0.405,0.405,-1,,,,None
8,2303A,NA,8,2023-01-18,2,K03,5.0,500.0,1,230.0,2023-01-18 12:00:00,23.0,21.0,0.0,0.09,0.7,ERLENMEYER C,8,2023-01-24,2,0,2023-01-24 00:00:00,500.0,2023-01-24 09:30:00,2023-01-24 11:00:00,NOIR ET OR,BRUN ORANGE,21.0,21.0,27.0,0.09,0.0,STOCKE BOUTEILLE 2L,1,8,2023-01-24,2,0.8,0.0,22.0,21.0,CQ SUR NON-CENTRIFUGE,8,2023-01-24,2,0.305,3.012,0.68,0.68,-1,,,,None
9,2303B,NA,9,2023-01-19,3,K03,5.0,500.0,2,230.0,2023-01-19 10:00:00,25.0,21.0,0.0,0.09,0.8,ERLENMEYER C,9,2023-01-25,3,0,2023-01-25 00:00:00,500.0,2023-01-25 08:30:00,2023-01-25 09:00:00,NOIR ET OR,,23.0,20.0,27.4,0.09,0.0,RASSEMBLE AVEC 03A APRES MESURE CONC,1,9,2023-01-25,3,0.1,0.0,23.0,21.0,,9,2023-01-25,3,0.325,2.693,0.3,0.3,-1,,,,None
10,2303C,NA,10,2023-01-20,2,K03,4.9,500.0,3,230.0,2023-01-20 00:00:00,24.0,21.0,0.0,0.09,0.8,ERLENMEYER C,10,2023-01-26,2,0,2023-01-26 08:30:00,500.0,2023-01-26 09:00:00,2023-01-26 10:00:00,NOIR ET OR,BRUN,22.4,20.9,27.9,0.09,0.0,STOCKAGE BOUTEILLE BAG,1,10,2023-01-26,2,0.3,0.0,22.0,21.0,,10,2023-01-26,2,0.319,2.716,0.5,0.5,-1,,,,None
11,2304A,NA,11,2023-01-25,3,K04,5.0,500.0,1,230.0,2023-01-25 11:50:00,22.0,21.0,0.0,0.09,1.2,ERLENMEYER B,11,2023-01-31,3,0,2023-01-31 00:00:00,500.0,2023-01-31 08:30:00,2023-01-31 09:00:00,NOIR ET OR,JAUNE CLAIR,24.0,21.0,28.0,0.09,0.0,1 TUBE PBLM PIPETTE,1,11,2023-01-31,3,0.1,0.0,25.0,21.0,,11,2023-01-31,3,0.35,2.685,0.353,0.353,-1,,,,None
12,2304B,NA,12,2023-01-26,2,K04,5.0,500.0,2,230.0,2023-01-26 09:00:00,22.0,21.0,0.0,0.09,0.09,ERLENMEYER C,12,2023-02-01,2,0,2023-02-01 08:30:00,500.0,2023-02-01 09:20:00,2023-02-01 10:00:00,NOIR ET OR,BRUN ORANGE,27.0,22.0,29.0,0.09,0.0,,1,12,2023-02-01,2,0.3,0.0,26.0,22.0,OXYDE ENTIER LE 140223,12,2023-02-01,2,0.322,3.086,0.617,0.617,-1,,,,None
14,2305A,NA,14,2023-02-01,2,K04,5.0,500.0,1,230.0,2023-02-01 09:15:00,27.0,22.0,0.0,0.09,0.09,KF 12.7 PPM,14,2023-02-07,7,0,2023-02-07 00:00:00,500.0,2023-02-07 12:30:00,2023-02-07 13:00:00,,VERT BLEU,20.0,22.0,29.0,0.09,0.0,SURNAGEANT TRANSFERE BOUTEILLE => RESTE A CENTRI,1,14,2023-02-07,7,0.1,0.0,25.0,24.0,OXYDATION EN BOUTEILLE,14,2023-02-07,1,0.326,3.043,0.61,0.61,-1,,,,None
15,2305B,NA,15,2023-02-02,3,K04,5.0,500.0,2,230.0,2023-02-02 09:00:00,24.9,22.1,0.0,29.3,0.09,ERLENMEYER B,15,2023-02-08,3,0,2023-02-08 00:00:00,500.0,2023-02-08 09:00:00,2023-02-08 09:30:00,NOIR ET UN PEU OR,ORANGE FONCE,0.0,21.8,29.3,0.09,0.0,,1,15,2023-02-08,3,0.0,0.0,20.1,22.3,DANS UN PETIT VIAL,15,2023-02-08,3,0.267,2.759,0.0453,0.453,-1,,,,None
16,2305C,NA,16,2023-02-03,2,K04,5.0,500.0,3,230.0,2023-02-03 10:30:00,22.0,22.0,0.0,0.09,0.09,,16,2023-02-09,3,0,2023-02-09 09:45:00,500.0,2023-02-09 09:15:00,2023-02-09 09:45:00,,VERT BLEU,0.0,21.6,0.0,0.0,0.0,SURNAGEANT EN BAG - RESTE POUR CENTRI,1,16,2023-02-09,7,0.1,0.0,27.0,19.0,,16,2023-02-09,1,0.373,2.802,0.56,0.56,-1,,,,None
17,2305D,Me-THF,17,2023-02-03,7,K05,4.0,400.0,4,230.0,2023-02-03 17:58:00,22.0,23.0,0.0,0.09,0.2,POUR R&D,17,2023-02-09,7,0,2023-02-09 09:15:00,400.0,2023-02-09 09:00:00,2023-02-09 09:30:00,NOIR ET DORE,JAUNE ORANGE,0.0,21.0,29.0,0.09,0.0,,1,17,2023-02-09,7,0.1,0.0,0.0,22.0,,17,2023-02-09,1,0.0,0.0,0.0,0.27,-1,,,,None
18,2306A,NA,18,2023-02-08,3,K05,5.0,500.0,1,230.0,2023-02-08 16:25:00,0.0,23.5,0.0,0.09,0.6,,18,2023-02-14,3,0,2023-02-14 00:00:00,500.0,2023-02-14 09:40:00,2023-02-14 10:10:00,BCP OR ET NOIR,JAUNE CLAIR,21.0,21.0,29.0,0.09,0.0,FAILE VOLUME,1,18,2023-02-14,3,0.04,0.0,37.9,23.9,BATCH EN SHLENK 1L - CONDITION PAGE SUIVANTE,18,2023-02-14,1,0.0,0.0,0.0,0.22,-1,,,,None
20,2307A,NA,20,2023-02-15,2,K05,5.0,500.0,1,230.0,2023-02-15 10:40:00,27.0,21.5,0.0,0.09,0.9,,20,2023-02-21,2,0,2023-02-21 00:00:00,500.0,2023-02-21 09:25:00,2023-02-21 10:25:00,NOIR,ORANGE,27.0,22.0,30.0,0.09,0.0,TUBE 3 JRS DANS ETUVE ETEINTE,1,20,2023-02-21,2,0.1,0.0,30.0,23.0,STOCKE SOUS ARGON,20,2023-02-21,1,0.0,0.0,0.0,0.42,-1,,,,None
23,2308A,NA,23,2023-02-21,2,K07,5.0,500.0,1,230.0,2023-02-21 09:25:00,27.0,22.0,0.0,0.09,0.09,,23,2023-02-27,2,0,2023-02-27 11:35:00,500.0,2023-02-27 09:35:00,2023-02-27 10:05:00,NOIR ET OR,BRUN VERT,0.0,21.0,29.0,0.09,0.0,2EME AJOUT THF A J-3,1,23,2023-02-27,2,0.1,0.0,0.0,23.0,,23,2023-02-27,1,0.316,3.003,0.0,0.258,-1,,,,None
24,2308B,NA,24,2023-02-22,3,K07,5.0,500.0,2,230.0,2023-02-22 10:05:00,41.1,22.5,0.0,0.09,0.09,FACONISA POUR AJOUT THF,24,2023-02-28,3,0,2023-02-28 09:20:00,500.0,2023-02-28 08:30:00,2023-02-28 09:00:00,OR ET NOIR,JAUNE,0.0,20.1,28.5,0.09,0.0,,1,24,2023-02-28,2,0.1,0.0,0.0,23.0,,24,2023-03-28,1,0.303,3.021,0.0,0.528,-1,,,,None
25,2308C,NA,25,2023-02-23,2,K07,5.0,500.0,3,230.0,2023-02-23 09:11:00,29.0,22.0,0.0,0.09,0.2,,25,2023-03-01,2,0,2023-03-01 09:00:00,500.0,2023-03-01 09:15:00,2023-03-01 09:45:00,NOIR ET OR,BRUN ORANGé,0.0,21.0,28.0,0.09,0.0,,1,25,2023-03-01,2,0.1,0.0,0.0,23.0,,25,2023-03-01,1,0.307,3.051,0.0,0.449,-1,,,,None
27,2309A,NA,27,2023-03-01,2,K07,5.0,500.0,1,230.0,2023-03-01 09:10:00,0.0,21.0,0.0,0.09,0.7,KC8 DS ERLENMEYER 1 JOUR AVT - LEGEREMENT IMBIBE DE THF,27,2023-03-07,2,0,2023-03-07 00:00:00,0.0,2023-03-07 09:15:00,2023-03-07 09:55:00,,VERT BRUN,0.0,21.6,28.5,0.09,0.0,,1,27,2023-03-07,2,0.11,0.0,20.2,22.2,MIS AU FRIGO DS SHLENK A FOND PLAT SOUS ARGON,27,2023-03-07,1,0.322,3.085,0.0,0.575,-1,,,,None
28,2309B,NA,28,2023-03-02,3,K07,5.0,500.0,2,230.0,2023-03-02 12:00:00,0.0,23.3,0.0,0.09,0.7,,28,2023-03-08,3,0,2023-03-08 09:46:00,500.0,2023-03-08 09:30:00,2023-03-08 10:00:00,NOIR ET OR,JAUNE ASSEZ CLAIR,30.2,22.4,29.3,0.09,0.0,AJOUT THF A J-2,1,28,2023-03-08,2,0.1,0.0,37.0,24.0,,28,2023-03-08,7,0.295,2.983,0.0,0.515,-1,,,,None
29,2309C,NA,29,2023-03-03,2,K07,5.0,500.0,3,230.0,2023-03-03 10:40:00,0.0,22.0,0.0,0.09,0.7,AJOUTER CASES AJOUT ET OPERATEUR,29,2023-03-09,2,0,2023-03-09 00:00:00,0.0,2023-03-09 09:35:00,2023-03-09 10:10:00,NOIR BRONZE,BRIN ORANGé,36.0,23.0,30.0,0.09,0.0,COLORATION ROSE POUR 1ER SURNA DONC JETE,1,29,2023-03-09,2,0.1,0.0,37.0,24.0,,29,2023-03-09,7,0.312,3.1,0.0,0.423,-1,BTL,FRIGO,,None
30,2310A,NA,30,2023-03-07,2,K10,5.0,500.0,1,230.0,2023-03-07 09:15:00,0.0,21.6,0.0,0.09,1.0,,30,2023-03-13,2,0,2023-03-13 09:10:00,500.0,2023-03-13 09:50:00,2023-03-13 10:25:00,NOIR ET BRONZE,VERT NOIR,43.8,22.8,29.0,0.09,0.0,RINCAGE AVEC OGD - COLORATION ROSE,1,30,2023-08-13,2,0.1,0.0,37.0,24.0,,30,2023-03-13,7,0.318,3.17,0.0,0.516,-1,,,,None
31,2310B,NA,31,2023-03-08,3,K10,5.0,500.0,2,230.0,2023-03-08 09:30:00,31.3,21.6,0.0,0.09,0.7,,31,2023-03-14,3,0,2023-03-14 09:15:00,500.0,2023-03-14 08:55:00,2023-03-14 09:25:00,NOIR ET OR,ORANGE,34.1,22.2,29.3,0.09,0.0,SORTIE LE JOUR MEME DE RECEPTION,1,31,2023-03-14,3,0.1,0.0,30.9,23.1,,31,2023-03-14,7,0.0,0.0,0.0,0.389,-1,,,,None
32,2310C,NA,32,2023-03-09,2,K10,5.0,500.0,3,230.0,2023-03-09 09:30:00,36.0,23.0,0.0,0.09,0.9,,32,2023-03-15,2,0,2023-03-15 08:45:00,500.0,2023-03-15 09:20:00,2023-03-15 09:55:00,NOIR ET BRONZE,BRUN,35.0,23.0,30.0,0.09,0.0,,1,32,2023-03-15,2,0.1,0.0,33.0,24.0,,32,2023-03-15,2,0.306,3.08,0.0,0.572,-1,,,,None
33,2310D,NA,33,2023-03-10,2,K10,10.0,500.0,4,230.0,2023-03-10 08:30:00,29.6,23.0,0.0,0.09,1.2,,33,2023-03-16,3,0,2023-03-16 09:10:00,500.0,2023-03-16 10:00:00,2023-03-16 10:30:00,NOIR ET OR,,28.9,23.1,0.0,0.09,0.09,MIS EN BOUTEILLE 1L,1,33,2023-03-16,3,0.3,0.0,32.0,25.0,PETIT FLACON,33,2023-03-16,2,0.297,2.932,0.0,1.004,-1,,,R&D,R&D
34,2311A,NA,34,2023-03-15,2,K10,5.0,500.0,1,230.0,2023-03-15 09:15:00,35.0,23.0,0.0,0.09,0.3,,34,2023-03-21,2,0,2023-03-21 09:40:00,500.0,2023-03-21 09:50:00,2023-03-21 10:22:00,NOIR ET OR,BRUN ORANGE,27.2,23.2,30.0,0.09,0.0,,1,34,2023-03-21,2,0.1,0.0,31.4,24.0,,34,2023-03-21,1,0.305,3.202,0.0,0.36,-1,,,,None
35,2311B,NA,35,2023-03-16,3,K10,5.0,500.0,2,230.0,2023-03-16 09:10:00,28.8,22.7,0.0,0.09,0.09,PAS DE CLIP PENDANT 90MIN AU DEBUT,35,2023-03-22,3,0,2023-03-22 00:00:00,500.0,2023-03-22 10:05:00,2023-03-22 10:35:00,NOIR ET OR,JAUNE ORANGé,35.1,20.9,28.2,0.09,0.0,,1,35,2023-03-22,3,0.1,0.0,34.8,22.8,,35,2023-03-22,1,0.34,2.916,0.0345,0.345,-1,,,,None
36,2311C,NA,36,2023-03-17,2,K MIX,10.0,500.0,3,230.0,2023-03-17 12:20:00,32.7,24.0,0.0,0.09,0.09,MIX DE POTASSIUM 3/4/7/10,36,2023-03-23,2,0,2023-03-23 09:30:00,500.0,2023-03-23 09:15:00,2023-03-23 09:50:00,NOIR,BRUN,37.5,22.7,29.3,0.09,0.0,STOCKE BaG,1,36,2023-03-23,2,0.03,0.0,33.0,24.0,AUTRE BACTH OX A 0.1NLMIN ET ENVOYE CLIENT,36,2023-03-23,2,0.311,3.031,0.172,0.84,-1,,,,None
37,2312A,NA,37,2023-03-22,6,K12,5.032,500.0,1,230.0,2023-03-22 09:45:00,35.0,20.8,0.0,0.09,0.09,SHOOT O2 DANS BaG,37,2023-03-28,6,0,2023-03-28 11:00:00,500.0,2023-03-28 10:17:00,2023-03-28 11:00:00,NOIR OR,BRUN ORANGE FONCE,23.5,23.0,29.6,0.09,0.0,AJOUT THF 1H AVANT SEDIMENTATION,1,37,2023-03-28,6,0.1,0.0,24.0,24.0,,37,2023-03-28,6,0.289,2.964,0.0,0.58,-1,,,,None
38,2312B,NA,38,2023-03-23,2,K12,4.99,500.0,2,230.0,2023-03-23 09:10:00,37.5,22.7,0.0,0.09,0.3,SHOOT O2 DANS BaG,38,2023-03-29,2,0,2023-03-29 12:20:00,500.0,2023-03-29 09:20:00,2023-03-29 09:55:00,NOIR ET BRONZE,BRUN,29.0,21.0,27.0,0.09,0.0,,1,38,2023-03-29,2,0.1,0.0,29.0,23.0,,38,2023-03-29,1,0.0,0.0,0.0,0.64,-1,,,,None
40,2313A,NA,40,2023-03-29,2,K12,5.0,500.0,1,230.0,2023-03-29 09:30:00,29.0,21.0,0.0,0.09,2.9,ERLENMEYER C,40,2023-04-04,2,0,2023-04-04 09:40:00,500.0,2023-04-04 09:20:00,2023-04-04 09:53:00,NOIR BRONZE,BRUN,23.8,22.0,29.2,0.05,0.0,,1,40,2023-04-04,2,0.1,0.0,21.0,23.0,,40,2023-04-04,1,0.295,0.0,0.0,0.55,-1,,,,None
41,2313B,NA,41,2023-03-30,1,K12,5.0094,500.0,2,230.0,2023-03-30 09:00:00,37.0,23.0,0.0,0.09,0.09,HEURE AJOUT THF DIFFEREN HEURE DEBUT EXFO???,41,2023-04-05,6,0,2023-04-05 05:40:00,500.0,2023-04-05 10:35:00,2023-04-05 11:05:00,NOIR ET ROSE,ORANGE ET ROSE,20.3,22.6,0.0,0.2,0.09,COULEUR ROSE APRES CENTRI,1,41,2023-04-05,6,0.1,0.0,20.0,24.2,,41,2023-04-05,1,0.328,3.054,0.0,0.4,-1,,,,None
42,2313C,NA,42,2023-03-31,2,K21,10.0,500.0,10,230.0,2023-03-31 10:49:00,32.0,24.0,0.0,0.09,0.09,BATCH POUR R&D,42,2023-03-06,2,0,2023-03-06 00:00:00,500.0,2023-03-06 09:20:00,2023-03-06 09:50:00,NOIR ET BRONZE,BRUN,25.0,22.0,0.0,0.09,0.2,,1,42,2023-03-06,2,0.1,0.0,21.0,23.0,RAS,42,2023-03-06,1,0.0,0.0,0.0,0.61,-1,,,,None
43,2314A,NA,43,2023-04-05,1,K14,10.0108,500.0,7,230.0,2023-04-05 09:45:00,20.0,21.0,0.0,0.09,0.2,AJOUT THF JOUR DE RECEPTION,43,2023-04-11,6,0,2023-04-11 08:20:00,500.0,2023-04-11 08:45:00,2023-04-11 10:15:00,NOIR ET OR,MARRON,28.9,23.6,0.0,0.09,0.5,,1,43,2023-04-11,6,0.1,0.0,28.3,23.9,,43,2023-04-11,1,0.0,0.0,0.0,0.42,-1,,,,None
44,2314B,NA,44,2023-04-06,2,K14,10.0,500.0,2,230.0,2023-04-06 10:24:00,25.0,23.0,0.0,0.09,0.2,,44,2023-04-12,2,0,2023-04-12 00:00:00,500.0,2023-04-12 09:10:00,2023-04-12 09:50:00,NOIR ET BRONZE,BRUN FONCE,40.0,23.0,0.0,0.09,0.5,,1,44,2023-04-12,2,0.1,0.0,40.0,23.0,,44,2023-04-12,1,0.32,3.172,0.0,0.925,-1,,,,None
46,2315A,NA,46,2023-04-12,2,K14,10.0,500.0,1,230.0,2023-04-12 10:03:00,40.4,22.5,0.0,0.09,0.5,,46,2023-04-18,2,0,2023-04-18 10:15:00,500.0,2023-04-18 09:10:00,2023-04-18 09:40:00,NOIR ET BRONZE,BRUN VERT,26.3,22.7,0.0,0.09,3.4,,1,46,2023-04-18,2,0.1,0.0,26.0,24.0,,46,2023-04-18,1,0.0,0.0,0.0,0.695,-1,,,,None
47,2315B,NA,47,2023-04-13,6,K14,10.0,500.0,2,230.0,2023-04-13 09:50:00,27.0,23.0,0.0,0.09,0.7,,47,2023-04-19,3,0,2023-04-19 09:10:00,500.0,2023-04-19 09:50:00,2023-04-19 10:20:00,OR ET NOIR,MARRON - ORANGE TRES FONCE - ROUGE,25.3,23.0,0.0,0.09,0.09,TUBE ORANGE TRES FOINCE APRES CENTRI,1,47,2023-04-19,3,0.1,0.0,23.8,24.9,,47,2023-04-19,1,0.0,0.0,0.0,0.769,-1,,,,None
49,2316A,NA,49,2023-04-19,3,K16,10.0081,500.0,1,230.0,2023-04-19 09:20:00,25.0,23.0,0.0,0.09,0.09,,49,2023-04-25,3,0,2023-04-25 08:30:00,500.0,2023-04-25 09:05:00,2023-04-25 09:35:00,OR ET NOIR,,37.9,22.4,0.0,0.09,0.2,RAS,1,49,2023-04-25,3,0.5,0.0,38.2,23.4,,49,2023-04-25,1,0.0,0.0,0.0,0.76,-1,,,,None
50,2316B,NA,50,2023-04-20,2,K16,10.0,500.0,2,230.0,2023-04-20 10:10:00,26.4,23.1,0.0,0.09,0.09,,50,2023-04-26,4,0,2023-04-26 08:30:00,500.0,2023-04-26 09:10:00,2023-04-26 09:55:00,NOIR ET OR,BRUN,49.0,23.0,0.0,0.09,0.3,TEINTE ROSE DANS TUBE CENTRI,1,50,2023-04-26,4,0.06,0.0,50.0,23.0,,50,2023-04-26,4,0.314,3.125,0.0,0.724,-1,,,,None
51,2316C,NA,51,2023-04-21,3,K16,10.0071,500.0,3,230.0,2023-04-21 10:58:00,21.2,23.2,0.0,0.09,0.09,,51,2023-04-27,3,0,2023-04-27 09:00:00,500.0,2023-04-27 09:20:00,2023-04-27 09:50:00,OR ET NOIR,MARRON,56.4,21.9,0.0,0.09,0.3,TUBES JAUNES,1,51,2023-04-27,3,0.04,0.0,56.0,22.8,,51,2023-04-27,3,0.0,0.0,0.0,0.58,-1,,,,None
52,2317A,NA,52,2023-04-26,4,K16,10.003,500.0,1,230.0,2023-04-26 09:00:00,49.0,23.0,0.0,0.09,0.2,AJOUT THF 30 SEC AVT RECEPTION,52,2023-05-02,4,0,2023-05-02 08:30:00,500.0,2023-05-02 09:00:00,2023-05-02 09:30:00,NOIR ET OR,BRUN FONCE,37.0,22.0,0.0,0.09,0.5,,1,52,2023-05-02,4,0.1,0.0,30.0,23.0,25 S FOR 100ML - 180 S FOR 700 ML,52,2023-05-02,4,0.0,0.0,0.0,1.33,-1,,,,None
53,2317B,NA,53,2023-04-27,3,K16,10.0028,500.0,2,230.0,2023-04-27 09:10:00,56.4,21.9,0.0,0.09,0.3,,53,2023-05-03,2,0,2023-05-03 00:00:00,500.0,2023-05-03 09:27:00,2023-05-03 10:06:00,NOIR ET OR,MARRON,31.0,22.0,0.0,0.09,0.7,,1,53,2023-05-03,4,0.1,200.0,35.0,25.0,NVS SYSTEME EN SCHLENK 1L,53,2023-05-03,4,0.0,0.0,0.0,0.73,-1,,,,None
54,2317C,NA,54,2023-04-28,4,K16,10.0947,500.0,3,230.0,2023-04-28 08:40:00,52.0,23.0,0.0,0.09,0.4,,54,2023-05-04,4,0,2023-05-04 09:36:00,500.0,2023-05-04 08:50:00,2023-05-04 09:00:00,,BRUN FONCE,39.0,24.0,0.0,0.09,0.7,STOCKAGE BaG AVT OXYDATION,1,54,2023-05-04,4,0.1,200.0,41.0,22.0,200 SEC FOR 800ML - PARTICULES FOND DE SHLENCK,54,2023-05-04,1,0.0,0.0,0.0,1.38,-1,,,,None
55,2318A,NA,55,2023-05-03,2,K17,10.01,500.0,1,230.0,2023-05-03 09:27:00,30.6,21.7,0.0,0.09,0.7,,55,2023-05-09,2,0,2023-05-09 08:58:00,500.0,2023-05-09 09:47:00,2023-05-09 10:21:00,NOIR ET OR,BRUN,50.0,22.0,0.0,0.09,1.1,,1,55,2023-05-09,4,0.1,0.0,50.0,23.0,,55,2023-05-09,1,0.319,3.039,0.0,0.657,-1,,,,None
56,2318B,NA,56,2023-05-04,4,K17,10.0618,500.0,2,203.0,2023-05-04 08:50:00,39.0,23.0,0.0,0.09,0.7,,56,2023-05-10,4,0,2023-05-10 09:04:00,500.0,2023-05-10 08:25:00,2023-05-10 08:55:00,BRUN ET UN PEU OR,BRUN,40.0,22.0,29.0,0.09,0.09,,1,56,2023-05-10,4,0.1,200.0,41.0,22.0,200 SEC FOR 800 ML,56,2023-05-10,1,0.0,0.0,0.0,1.13,-1,,,,None
57,2318C,NA,57,2023-05-05,4,K17,10.006,500.0,5,300.0,2023-05-05 08:30:00,41.0,23.0,30.0,0.09,0.7,ARRETE PUIS RELANCE A J+4,57,2023-05-11,3,0,2023-05-11 08:25:00,500.0,2023-05-11 00:00:00,2023-05-11 00:00:00,PAS DE SEDIMENTATION,JAUNE TRES CLAIR,40.7,21.6,29.1,0.09,0.09,PAS DE SEDIMENTATION,1,57,2023-05-11,1,0.1,0.0,40.0,21.0,OK,57,2023-05-11,1,0.0,0.0,0.0,0.15,-1,,,,None
58,2319A,NA,58,2023-05-09,2,K17,10.01,500.0,1,230.0,2023-05-09 10:08:00,52.0,22.6,30.2,0.09,0.8,,58,2023-05-15,3,0,2023-05-15 08:15:00,500.0,2023-05-15 08:45:00,2023-05-15 09:15:00,NOIR ET OR,JAUNE LEGEREMENT FONCE,50.5,20.6,0.0,0.09,0.09,PIPETAGE DIFFICILE,1,58,2023-05-15,3,0.1,200.0,38.6,22.7,,58,2023-05-15,1,0.0,0.0,0.0,0.57,-1,,,,None
59,2319B,NA,59,2023-05-10,4,K17,10.0037,500.0,2,230.0,2023-05-10 08:25:00,40.0,21.0,28.0,0.09,1.2,,59,2023-05-16,4,0,2023-05-16 08:20:00,500.0,2023-05-16 00:00:00,2023-05-16 00:00:00,PAS DE SEDIMENTATION,BRUN,38.0,20.0,28.0,0.09,0.09,PAS DE SEDIMENTATION,1,59,2023-05-16,4,1.0,200.0,38.0,21.0,,59,2023-05-16,3,0.306,2.721,0.0,0.865,-1,,,,None
61,2320A,NA,61,2023-05-16,4,K16,10.0154,500.0,1,230.0,2023-05-16 08:30:00,38.0,20.0,28.0,0.09,0.09,MIK KC8 K16 - K17,61,2023-05-22,4,0,2023-05-22 08:45:00,500.0,2023-05-22 09:20:00,2023-05-22 09:50:00,OK,OR JAUNE,55.0,22.0,29.3,0.09,0.5,,1,61,2023-05-22,4,0.1,0.0,48.0,24.0,,61,2023-05-22,3,0.306,2.873,0.0,0.901,-1,,,,None
62,2320B,NA,62,2023-05-17,3,K20,10.0532,500.0,2,230.0,2023-05-17 10:15:00,27.5,20.5,27.4,0.09,0.09,BATCH POUR R&D EN UTILISANT ERLEN DU BATCH 2319B,62,2023-05-23,3,0,2023-05-23 08:50:00,500.0,2023-05-23 10:40:00,2023-05-23 11:10:00,OR ET NOIR,JAUNE CLAIR,52.9,23.2,0.0,0.09,1.5,,1,62,2023-05-23,3,0.1,0.0,51.4,25.3,POUR 100 ML,62,2023-05-23,3,0.307,2.7,0.0,0.855,-1,,,,None
63,2320C,NA,63,2023-05-19,4,K20,10.1817,500.0,3,203.0,2023-05-19 10:15:00,29.0,20.0,0.0,0.09,0.09,FIN DE KEG THF - UTILISATION THF DE VWR AVEC KF 172 PPM,63,2023-05-25,3,0,2023-05-25 08:30:00,500.0,2023-05-25 08:30:00,2023-05-25 09:00:00,NOIR,JAUNE ORANGé,29.3,22.4,29.2,0.09,0.6,FUITE THF DANS CENTRI,1,63,2023-05-25,3,0.1,0.0,26.4,24.2,,63,2023-05-25,4,0.32,2.969,0.0,1.06,-1,,,,None
64,2321A,NA,64,2023-05-24,4,K20,10.0255,500.0,1,230.0,2023-05-24 08:25:00,45.0,22.5,29.0,0.09,0.6,,64,2023-05-30,3,0,2023-05-30 08:25:00,500.0,2023-05-30 08:00:00,2023-05-30 08:30:00,NOIR PEU D'OR,ORANGE FONCE,44.3,24.3,31.0,0.09,1.0,JOINT FONDU,1,64,2023-05-30,3,0.1,200.0,36.1,27.0,,64,2023-05-30,4,0.343,3.003,0.0,0.49,-1,,,,None
65,2321B,NA,65,2023-05-25,3,K20,10.0075,500.0,2,230.0,2023-05-25 08:25:00,29.2,22.3,29.1,20.1,0.6,,65,2023-06-01,3,0,2023-06-01 11:20:00,500.0,2023-06-01 08:15:00,2023-06-01 08:45:00,OK,NOIR NOIR,45.3,24.2,30.5,0.09,0.6,PAS DE CENTRI,0,65,2023-06-01,3,0.1,200.0,0.0,0.0,RESIDU DANS SCHLENK,65,2023-06-01,3,0.308,2.707,0.806,0.806,-1,,,,None
66,2321C,NA,66,2023-05-26,4,K19,10.0862,500.0,3,230.0,2023-05-26 08:25:00,37.0,23.0,0.0,0.09,0.8,,66,2023-06-02,4,0,2023-06-02 08:08:00,500.0,2023-06-02 08:20:00,2023-06-02 09:00:00,NOIR EPAIS PEU DE KC8,,44.0,25.0,31.0,0.09,0.5,NON CENTRIF,1,66,2023-06-02,4,0.0,0.0,0.0,0.0,,66,2023-06-02,3,0.314,2.698,0.0,1.226,-1,,,,None
67,2322A,NA,67,2023-05-31,4,K19,10.1533,500.0,1,230.0,2023-05-31 11:00:00,0.0,0.0,31.0,0.09,2.0,CHANGEMENT FORMULAIRE,67,2023-06-05,4,0,2023-06-05 08:25:00,500.0,2023-06-05 08:35:00,2023-06-05 09:05:00,NOIR PEU D'OR,,0.0,0.0,32.4,0.09,0.6,NON CENTRI,0,67,2023-06-06,3,0.1,400.0,41.2,27.0,,67,2023-06-06,3,0.0,0.0,0.784,0.784,-1,,,,None
69,2322C,NA,69,2023-06-02,4,K19,10.0033,500.0,3,230.0,2023-06-02 08:50:00,0.0,0.0,31.0,0.09,0.6,,69,2023-06-08,3,0,2023-06-08 08:50:00,500.0,2023-06-08 08:15:00,2023-06-08 08:45:00,NOIR PEU D'OR,JAUNE FONCE,0.0,0.0,33.0,0.09,0.2,ERREUR CENTRI,1,69,2023-06-08,3,0.1,200.0,45.7,29.7,DANS BOUTEILLE 1L,69,2023-06-08,4,0.315,2.687,0.1616,1.616,-1,,,,None
70,2323A,NA,70,2023-06-07,4,K19,10.0791,500.0,1,230.0,2023-06-07 08:50:00,0.0,0.0,33.0,0.09,1.2,MIX DE KC8 17-18-19,70,2023-06-12,3,0,2023-06-12 09:05:00,500.0,2023-06-12 00:00:00,2023-06-12 00:00:00,ESSAO VALEO,,0.0,0.0,32.0,0.09,0.5,,0,70,2023-06-12,4,0.1,420.0,53.0,25.0,,70,2023-06-13,4,0.0,0.0,0.8574,0.8574,-1,,,,None
71,2323B,NA,71,2023-06-08,3,K19,10.093,500.0,2,230.0,2023-06-08 08:10:00,0.0,0.0,31.8,0.09,0.2,,71,2023-06-14,4,0,2023-06-14 08:20:00,500.0,2023-06-14 08:45:00,2023-06-14 09:15:00,,,0.0,0.0,32.7,0.09,0.5,PAS DE CENTRI,0,71,2023-06-14,3,0.1,420.0,53.6,25.2,PBLM SECURITE,71,2023-06-14,4,0.0,0.0,1.3051,1.3051,-1,,,,None
72,2323C,NA,72,2023-06-09,4,K19,10.1313,500.0,3,230.0,2023-06-09 08:40:00,0.0,0.0,33.0,0.09,0.3,,72,2023-06-15,4,0,2023-06-15 08:50:00,500.0,2023-06-15 07:25:00,2023-06-15 08:00:00,NOIR,ORANGé OR,0.0,0.0,32.0,0.09,0.09,,1,72,2023-06-15,4,0.1,200.0,44.0,26.0,,72,2023-06-15,3,0.298,2.71,0.1346,1.346,-1,,,,None
73,2324A,NA,73,2023-06-13,4,K23,10.1422,500.0,1,230.0,2023-06-13 08:20:00,0.0,0.0,25.0,0.09,0.5,,73,2023-06-20,4,0,2023-06-20 09:20:00,500.0,2023-06-20 10:20:00,2023-06-20 10:50:00,NOIR PEU DE TRACE DE KC8,OR,0.0,0.0,30.0,0.09,0.09,,1,73,2023-06-19,4,0.1,200.0,47.0,29.0,,73,2023-06-20,3,0.302,2.711,0.1667,1.66,-1,,,,None
74,2324B,NA,74,2023-06-14,3,K24,5.0747,500.0,2,230.0,2023-06-14 08:45:00,0.0,0.0,32.4,0.09,0.5,BATCH POUR R&D,74,2023-06-20,3,0,2023-06-20 09:25:00,500.0,2023-06-20 07:40:00,2023-06-20 08:10:00,NOIR PEU D'OR,ORANGE - JAUNE FONCE,0.0,0.0,27.6,0.09,0.09,COULEUR SEMBLABLE A CONCENTRATIO NPLUS HAUTE 6 PEU ETRE MIEUX EXFOLLIE,1,74,2023-06-20,3,0.1,0.0,57.9,26.3,QQUES SEC JUSQU'A OBTENTION COULEUR JAUNE,74,2023-06-20,4,0.304,3.037,0.0,1.154,-1,,,,R&D
75,2324C,NA,75,2023-06-15,4,K23,10.0371,500.0,3,230.0,2023-06-15 07:26:00,0.0,0.0,32.4,0.09,0.09,,75,2023-06-21,4,0,2023-06-21 07:30:00,500.0,2023-06-21 07:15:00,2023-06-21 07:45:00,NOIR,ORANGE BRUN,0.0,0.0,33.0,0.09,0.09,,1,75,2023-06-21,4,0.1,0.0,51.0,27.0,5 S POUR 20 ML JUSQU'A CHGT COULEUR ,75,2023-06-21,3,0.321,2.689,0.0799,0.799,-1,,,,None
76,2324D,NA,76,2023-06-16,3,K23,10.788,500.0,4,230.0,2023-06-16 08:45:00,0.0,0.0,30.8,0.09,0.09,BATCH POUR R&D - THP A 279 PPM - COLORATION NOIRE RAPIDE,76,2023-06-22,3,0,2023-06-22 07:20:00,500.0,2023-06-22 08:05:00,2023-06-22 08:35:00,NOIR,BLANC,0.0,0.0,29.5,0.09,0.09,PAS DE MISE EN ETUVE LA VEILLE,1,76,2023-06-22,3,0.1,305.0,55.4,26.7,,76,2023-06-22,4,0.31,2.991,0.0,0.26,-1,,,,R&D
77,2325A,NA,77,2023-06-21,4,K23,10.1862,500.0,1,230.0,2023-06-21 07:30:00,0.0,0.0,33.0,0.09,0.09,,77,2023-06-27,4,0,2023-06-27 08:15:00,500.0,2023-06-27 08:20:00,2023-06-27 08:50:00,NOIR PEU DE KC8,OR BRUN,0.0,0.0,32.0,0.06,0.3,3/4 VOL NON CENTRIFUGE POUR ESSAIS,1,77,2023-06-27,4,0.1,30.0,36.0,27.0,,77,2023-06-27,3,0.0,0.0,0.13,1.3,-1,,,,None
78,2325B,NA,78,2023-06-22,3,K23,10.1424,500.0,2,230.0,2023-06-22 08:00:00,0.0,0.0,29.3,0.09,0.09,,78,2023-06-28,3,0,2023-06-28 08:25:00,500.0,2023-06-28 07:50:00,2023-06-28 08:20:00,NOIR PEU D'OR,ORANGE - BRUN FONCE,0.0,0.0,31.8,0.09,0.09,,1,78,2023-06-28,3,0.1,35.0,33.4,26.9,,78,2023-06-28,4,0.299,3.007,0.164,1.64,-1,,,,None
79,2325C,NA,79,2023-06-23,4,K23,10.0115,500.0,3,230.0,2023-06-23 08:30:00,0.0,0.0,30.8,0.09,0.2,BATCH POUR R&D - AJOUT DE BHT - KP A 50 PPM,79,2023-06-29,3,0,2023-06-29 07:40:00,500.0,2023-06-29 07:30:00,2023-06-29 07:55:00,NOIR,ORANGE,0.0,0.0,33.0,0.09,0.09,,1,79,2023-06-29,4,0.1,30.0,44.0,25.0,,79,2023-06-29,3,0.0,0.0,0.0,1.096,-1,,,R&D,R&D
83,2327A,NA,83,2023-07-05,4,K27,10.1326,500.0,1,230.0,2023-07-05 08:35:00,0.0,0.0,31.0,0.09,0.09,,83,2023-07-11,4,0,2023-07-11 09:15:00,500.0,2023-07-11 07:30:00,2023-07-11 08:00:00,NOIR - PEU DE KC8,BRUN OR,0.0,0.0,34.0,0.09,0.09,,1,83,2023-07-11,4,0.1,32.0,41.4,27.9,,83,2023-07-11,3,0.0,0.0,0.0,1.2,-1,,,,None
84,2327B,NA,84,2023-07-06,3,K27,10.006,500.0,2,230.0,2023-07-06 08:25:00,0.0,0.0,31.0,0.09,0.09,,84,2023-07-12,2,0,2023-07-12 07:40:00,500.0,2023-07-12 08:00:00,2023-07-12 08:45:00,NOIR - TRES PEU DE KC8,BRUN,0.0,0.0,33.0,0.09,0.09,CONSERVE EN BaG,1,84,2023-07-18,4,0.1,30.0,41.0,25.0,,84,2023-07-18,4,0.314,3.017,0.0,1.599,-1,,,IS,None
85,2327C,NA,85,2023-07-07,4,K27,10.0287,500.0,3,230.0,2023-07-07 09:45:00,0.0,0.0,32.0,0.09,0.09,,85,2023-07-13,4,0,2023-07-13 07:30:00,500.0,2023-07-13 08:45:00,2023-07-13 09:15:00,NOIR,ORANGE,0.0,0.0,31.0,0.09,0.09,STOCKAGE BaG JUSQ'A SEMAINE 29,1,85,2023-07-19,4,0.1,30.0,40.0,26.0,,85,2023-07-19,4,0.301,2.999,0.0,0.736,-1,,,IS,None
86,2328A,NA,86,2023-07-11,4,K27,10.0149,500.0,1,230.0,2023-07-11 07:35:00,0.0,0.0,34.0,0.09,0.09,,86,2023-07-17,4,0,2023-07-17 08:30:00,500.0,2023-07-17 08:35:00,2023-07-17 09:05:00,NOIR EPAIS,ORANGE BRUN,0.0,0.0,32.0,0.09,0.09,AJOUT LE JOUR DE RECEPTION,1,86,2023-07-17,4,0.1,30.0,40.0,24.0,,86,2023-03-17,3,0.0,0.0,0.0,0.96,-1,,,,None
88,2328C,NA,88,2023-07-13,4,K27,10.048,500.0,3,230.0,2023-07-13 08:35:00,0.0,0.0,31.0,0.09,0.09,,88,2023-07-19,4,0,2023-07-19 12:30:00,500.0,2023-07-19 07:30:00,2023-07-19 08:00:00,NOIR,BRUN,0.0,0.0,32.0,0.09,0.09,NEW KEG DE THF,1,88,2023-07-25,4,0.1,30.0,42.0,25.0,,88,2023-07-25,4,0.303,3.011,0.0,1.132,-1,,,,None
89,2328D,NA,89,2023-07-13,4,K27,10.0652,500.0,4,230.0,2023-07-13 09:30:00,0.0,0.0,32.0,0.09,0.09,BATCH POUR R&D,89,2023-07-19,3,0,2023-07-19 12:30:00,500.0,2023-07-19 10:55:00,2023-07-19 11:25:00,,JAUNE FONCE,0.0,0.0,32.7,0.09,0.09,,1,89,2023-07-19,3,0.6,151.0,34.0,27.6,,89,2023-07-19,3,0.0,0.0,0.0,1.43,-1,,,R&D,R&D
90,2329A,NA,90,2023-07-18,3,K27,10.011,500.0,1,230.0,2023-07-18 12:35:00,0.0,0.0,29.2,0.09,0.09,BATCH POUR R&D - KF A 10 PPM,90,2023-07-24,3,0,2023-07-24 09:10:00,500.0,2023-07-24 09:50:00,2023-07-24 10:20:00,NOIR PEU D'OR,JAUNE ORANGé,0.0,0.0,32.7,0.09,0.09,PBLM CENTRI,1,90,2023-07-27,4,0.1,32.0,42.0,25.0,,90,2023-07-27,4,0.309,3.03,0.0,0.83,-1,,,EDG,R&D
91,2329B,NA,91,2023-07-19,4,K27,10.005,500.0,2,230.0,2023-07-19 00:00:00,0.0,0.0,32.0,0.09,0.09,,91,2023-07-25,4,0,2023-07-25 09:15:00,500.0,2023-07-25 08:00:00,2023-07-25 08:30:00,,,0.0,0.0,26.0,0.09,0.09,NON CENTRIF POUR LR,0,91,2023-07-25,4,0.1,60.0,43.0,25.0,,91,2023-07-25,4,0.303,3.049,0.75,7.5,-1,,,,None
94,2330A,NA,94,2023-07-20,3,K27,10.0165,500.0,4,230.0,2023-07-20 10:05:00,0.0,0.0,32.7,0.09,0.09,,94,2023-07-27,4,0,2023-07-27 09:30:00,500.0,2023-07-27 07:40:00,2023-07-27 08:10:00,NOIR EPAIS,BRUN,0.0,0.0,27.0,0.09,0.09,,1,94,2023-08-02,4,0.1,30.0,56.0,26.0,,94,2023-08-07,4,0.299,3.089,0.0,1.79,-1,,,,None
96,2330B,NA,96,2023-07-26,3,K30,10.061,500.0,2,230.0,2023-07-26 09:20:00,0.0,0.0,32.6,0.09,0.09,,96,2023-08-01,3,0,2023-08-01 07:50:00,500.0,2023-08-01 09:15:00,2023-08-01 09:45:00,NOIR - PAS D'OR,jaune,0.0,0.0,28.2,0.09,0.2,non centri + 6 tube centri pour controle,1,96,2023-08-01,3,0.1,0.0,56.0,25.8,,96,2023-08-01,3,0.0,0.0,0.0,1.005,-1,,,,None
97,2330C,NA,97,2023-07-27,4,K30,10.0701,500.0,3,250.0,2023-07-27 07:45:00,0.0,0.0,27.0,0.09,0.09,,97,2023-08-02,4,0,2023-08-02 09:10:00,500.0,2023-08-02 08:10:00,2023-08-02 08:40:00,NOIR,OK,0.0,0.0,31.0,0.09,0.09,,1,97,2023-08-08,4,0.0,0.0,0.0,0.0,,97,2023-08-08,3,0.0,0.0,0.0,0.716,-1,3 PICS EN UV,,,None
98,2330D,NA,98,2023-07-28,3,K30,5.0765,500.0,4,230.0,2023-07-28 08:15:00,0.0,0.0,25.9,0.09,0.09,BATCH POUR R&D,98,2023-08-03,3,0,2023-08-03 08:05:00,500.0,2023-08-03 09:55:00,2023-08-03 10:25:00,NOIR PEU D'OR,ORANGE FONCE,0.0,0.0,30.2,0.09,0.09,,1,98,2023-08-03,3,0.1,20.0,40.7,25.9,,98,2023-08-03,3,0.0,0.0,0.0,0.67,-1,,,R&D,R&D
99,2331A,NA,99,2023-08-01,3,K30,10.027,500.0,1,230.0,2023-08-01 09:05:00,62.8,25.3,28.2,0.09,0.2,,99,2023-08-07,3,0,2023-08-07 09:00:00,500.0,2023-08-07 09:35:00,2023-08-07 10:05:00,PEU D'OR BIEN NOIR,ORANGE CLAIR,44.0,28.1,28.0,0.09,0.2,AJOUT THF MEME JOUR QUE RECUPERATION,1,99,2023-08-08,4,0.0,0.0,0.0,0.0,ERREUR DE LOT,99,2023-08-08,3,0.0,0.0,0.0,1.57,-1,,,,None
100,2331B,NA,100,2023-08-02,4,K30,10.0761,500.0,2,230.0,2023-08-02 08:10:00,61.0,26.0,31.0,0.09,0.09,,100,2023-08-08,4,0,2023-08-08 09:00:00,500.0,2023-08-08 08:00:00,2023-08-08 08:30:00,NOIR EPAIS - TRACE DE KC8,BRUN JAUNE,44.0,22.0,29.0,0.09,0.4,KF AJOUT A 12 PPM,1,100,2023-08-11,4,0.1,30.0,52.0,27.0,,100,2023-08-11,1,0.315,3.098,0.0,1.914,2,,,W3,None
101,2331C,NA,101,2023-08-03,3,K30B,10.0474,500.0,3,230.0,2023-08-03 09:55:00,51.3,23.9,30.2,0.09,0.09,AJOUT BHT 250PPM D'1 L,101,2023-08-09,3,0,2023-08-09 08:10:00,500.0,2023-08-09 08:10:00,2023-08-09 08:40:00,NOIR - UN PEU D'OR,JAUNE FONCE,42.4,23.7,30.0,0.09,0.2,THF AVEC BHT - EN BaG JUSQU'A 100823,1,101,2023-08-10,3,0.1,255.0,46.0,28.0,,101,2023-08-10,3,0.0,0.0,0.0,0.74,2,,,OPEC EPOR,None
102,2331D,NA,102,2023-08-04,3,K30B,10.0237,500.0,4,230.0,2023-08-04 08:25:00,50.4,22.5,28.7,0.09,0.09,,102,2023-08-10,4,0,2023-08-10 08:10:00,500.0,2023-08-10 07:45:00,2023-08-10 08:15:00,NOIR,ORANGE,51.0,27.0,33.0,0.09,0.3,,1,102,2023-08-10,3,0.1,255.0,47.2,28.5,,102,2023-08-10,3,0.0,0.0,0.0,1.03,3,,,TEST BHT,None
103,2332B,NA,103,2023-08-10,4,K30B,10.0379,500.0,2,230.0,2023-08-10 08:00:00,51.0,27.0,33.0,0.09,0.3,,103,2023-08-16,4,0,2023-08-16 08:00:00,500.0,2023-08-16 08:15:00,2023-08-16 08:45:00,noirs,jaune,49.0,26.0,33.0,0.09,0.4,seuleument 1/4 centrifuge pou rcontrole,1,103,2023-08-16,4,0.1,15.0,46.0,28.0,,103,2023-08-16,4,0.308,3.024,0.0,1.168,0,,,,None
104,2332C,NA,104,2023-08-10,4,K30B,10.0847,500.0,3,230.0,2023-08-10 08:00:00,21.0,27.0,33.0,0.09,0.3,,104,2023-08-16,4,0,2023-08-16 08:00:00,500.0,2023-08-16 08:15:00,2023-08-16 08:45:00,NOIR,BRUN,48.0,26.0,33.0,0.09,0.4,,1,104,2023-08-16,4,0.1,0.0,47.0,28.0,,104,2023-08-16,4,0.298,3.083,0.0,1.299,0,,,W3,None
105,2332D,NA,105,2023-08-11,3,K32A,5.0,500.0,4,230.0,2023-08-11 14:00:00,42.0,28.4,30.0,0.09,0.4,COULEUR NOIR DES L'AJOUT DE THF - PREPARATION KC8 LE MEME JOUR - BATCH POUR R&D,105,2023-08-17,3,0,2023-08-17 08:10:00,500.0,2023-08-17 10:00:00,2023-08-17 10:30:00,NOIR PEU D'OR,JAUNE TRES CLAIR,49.3,26.3,32.0,0.09,0.5,,1,105,2023-08-17,3,0.1,12.0,44.5,31.0,,105,2023-08-17,3,0.0,0.0,0.0,0.33,-1,,,R&D,R&D
106,2333B,NA,106,2023-08-16,4,K31,10.0729,500.0,2,230.0,2023-08-16 08:00:00,48.0,26.0,33.0,0.09,4.0,,106,2023-08-22,4,0,2023-08-22 08:40:00,500.0,2023-08-22 08:00:00,2023-08-22 08:40:00,NOIR,BRUN JAUNE,49.0,30.0,31.0,0.09,0.4,NON CENTRI POUR R&D,1,106,2023-08-22,4,0.1,30.0,40.0,31.0,,106,2023-08-22,4,0.0,0.0,0.0,1.18,2,,,RS,None
107,2333C,NA,107,2023-08-17,3,K31,10.0439,500.0,3,230.0,2023-08-17 10:00:00,49.1,26.3,32.7,0.09,0.5,,107,2023-08-23,3,0,2023-08-23 08:00:00,500.0,2023-08-23 07:55:00,2023-08-23 08:25:00,NOIR - PAS D'OR,JAUNE LEGEREMENT FONCE,44.8,31.0,31.5,0.09,0.6,3 DERNIER TUBE AVEC MOITIE DE SEDIMENTS - PEU ETRE PRIS EN MASSE CAUSE CHALEUR,1,107,2023-08-23,3,0.1,35.0,43.0,33.0,,107,2023-08-23,4,0.308,3.237,0.0,1.101,2,,,W3,None
108,2333D,NA,108,2023-08-18,4,K31,5.0336,500.0,4,230.0,2023-08-18 07:30:00,53.0,27.0,34.0,0.09,0.4,,108,2023-08-24,4,0,2023-08-24 07:40:00,500.0,2023-08-24 07:30:00,2023-08-24 08:00:00,NOIR,ORANGE BRUN,42.0,33.0,33.0,0.09,0.6,,1,108,2023-08-24,4,0.1,40.0,36.0,33.0,,108,2023-08-24,3,0.0,0.0,0.0,0.8,1,,,ED4,None
109,2334A,NA,109,2023-08-22,4,K31,10.0255,500.0,1,230.0,2023-08-22 08:00:00,40.0,30.0,30.0,20.1,0.4,,109,2023-08-28,4,0,2023-08-28 08:00:00,500.0,2023-08-28 08:10:00,2023-08-28 08:40:00,NOIR,BRUN,55.0,24.0,30.0,0.09,0.9,SEPARE EN 4 LOT - NON CENTRI - 1000RPM - 2000RPM - OGD,1,109,2023-08-28,4,0.1,30.0,53.0,24.0,,109,2023-08-28,4,0.31,3.002,0.0,1.731,-1,,,LR,None
110,2334B,NA,110,2023-08-23,3,K32B,10.1917,500.0,2,230.0,2023-08-23 07:35:00,44.5,31.0,31.2,0.09,0.6,,110,2023-08-29,3,0,2023-08-29 08:00:00,500.0,2023-08-29 09:15:00,2023-08-29 09:45:00,NOIR PEU D'OR,JAUNE CLAIR,45.8,23.0,29.0,0.09,0.8,,1,110,2023-08-29,3,0.1,25.0,40.3,24.3,,110,2023-08-29,4,0.3,3.002,0.0,0.67,1,,,W3,None
111,2334C,NA,111,2023-08-24,4,K32,10.0245,500.0,3,230.0,2023-08-24 08:00:00,42.0,33.0,33.0,0.09,0.4,,111,2023-08-30,4,0,2023-08-30 09:10:00,500.0,2023-08-30 07:30:00,2023-08-30 08:00:00,NOIR TRACES KC8,BRUN JAUNE,42.0,22.0,29.0,0.09,0.8,,1,111,2023-08-30,4,0.1,30.0,42.0,24.0,,111,2023-08-30,3,0.0,0.0,0.0,1.23,2,,,W34,None
112,2334D,NA,112,2023-08-25,4,K32,10.0217,500.0,4,230.0,2023-08-25 08:20:00,42.0,31.0,31.0,0.09,0.7,,112,2023-08-31,3,0,2023-08-31 08:00:00,500.0,2023-08-31 09:30:00,2023-08-31 10:00:00,PLUS D'IR QU'HABITUELLEMENT,JAUNE ORANGé,51.7,21.7,29.0,0.09,0.09,BOUCHON MANQUE SUR ERLENMEYER - OBLIGE AVOIR TRACES DE SEDIMENTS POUR PRELEVEMENT,1,112,2023-08-31,3,0.1,25.0,63.9,23.4,,112,2023-08-31,4,0.0,0.0,0.0,1.22,1,,,W3,None
113,2335A,NA,113,2023-08-29,3,K32B,10.0668,500.0,1,230.0,2023-08-29 09:10:00,45.8,23.0,29.0,0.09,0.7,,113,2023-09-04,3,0,2023-09-04 08:40:00,500.0,2023-09-04 09:30:00,2023-09-04 10:00:00,NOIR ET OR,MARRON FONCé,35.4,26.6,30.0,0.09,0.09,RECUP JOUR D'AJOUT,1,113,2023-09-04,3,0.1,25.0,26.0,29.3,,113,2023-09-04,4,0.0,0.0,0.0,1.42,3,,,W3,None
114,2335B,NA,114,2023-08-30,4,K34,10.0949,500.0,2,230.0,2023-08-30 08:00:00,42.0,22.0,29.0,0.09,0.8,,114,2023-09-05,4,0,2023-09-05 08:40:00,500.0,2023-09-05 07:45:00,2023-09-05 08:15:00,NOIR,BRUN ORANGE,30.0,27.0,28.0,0.09,0.09,,1,114,2023-09-05,4,0.1,30.0,32.0,28.0,,114,2023-09-05,4,0.305,2.995,0.0,1.34,1,,,,None
115,2335C,NA,115,2023-08-31,3,K32B,10.0367,500.0,3,230.0,2023-08-31 09:30:00,51.1,21.7,28.0,0.09,0.09,PLAQUE NON ETEINTE,115,2023-09-06,3,0,2023-09-06 08:00:00,500.0,2023-09-06 08:25:00,2023-09-06 08:55:00,NOIR PAS D'OR,MARRON,40.0,27.5,30.0,0.09,0.09,QUELQUE NUAGE SEDIMENT,1,115,2023-09-06,3,0.1,25.0,33.2,29.6,,115,2023-09-06,4,0.303,3.025,0.0,0.89,2,,,EPOC,None
116,2335D,NA,116,2023-09-01,4,K34,10.0386,500.0,4,230.0,2023-09-01 08:00:00,55.0,23.0,28.0,0.09,0.09,,116,2023-09-07,4,0,2023-09-07 08:20:00,500.0,2023-09-07 08:00:00,2023-09-07 08:30:00,NOIR,OR BRUN,38.0,27.0,29.0,0.01,0.01,STOCKAGE BaG,1,116,2023-09-12,4,0.1,60.0,50.0,28.0,,116,2023-09-12,4,0.299,2.999,0.0,1.21,2,,,LC,None
117,2336A,NA,117,2023-09-05,4,K34,10.0926,500.0,1,230.0,2023-09-05 08:00:00,31.0,28.0,28.0,0.09,0.09,,117,2023-09-11,4,0,2023-09-11 07:45:00,500.0,2023-09-11 08:00:00,2023-09-11 08:30:00,NOIR,BRUN,50.0,28.0,35.0,0.09,0.09,,0,117,2023-09-11,4,0.1,60.0,50.0,28.0,,117,2023-09-11,4,0.0,0.0,0.7913,7.913,-1,,,LR,None
118,2336C,NA,118,2023-09-07,4,K34,10.061,500.0,3,230.0,2023-09-07 08:00:00,52.0,28.0,28.0,0.09,0.09,KF PPM PEUT ETRE PROBLEME,118,2023-09-13,4,0,2023-09-13 08:30:00,500.0,2023-09-13 08:30:00,2023-09-13 09:00:00,NOIR,BRUN JAUNE,53.0,25.0,26.0,0.09,0.09,,1,118,2023-09-19,4,0.1,30.0,52.0,25.0,,118,2023-09-19,4,0.306,2.987,0.0,0.837,3,,,LC,None
119,2337B,NA,119,2023-09-13,4,K34,5.0431,500.0,2,230.0,2023-09-13 08:00:00,53.0,25.0,26.0,0.09,0.09,KF 7 PPM,119,2023-09-19,4,0,2023-09-19 07:50:00,500.0,2023-09-19 07:30:00,2023-09-19 08:00:00,NOIR,BRUN,55.0,22.0,30.0,0.09,0.09,,1,119,2023-09-19,4,0.1,20.0,52.0,25.0,,119,2023-09-19,4,0.316,3.06,0.0,0.97,-1,,,,None
120,2337D,NA,120,2023-09-15,4,K34,5.0,500.0,4,230.0,2023-09-15 08:10:00,52.0,23.0,25.0,0.09,0.09,,120,2023-09-21,4,0,2023-09-21 08:00:00,500.0,2023-09-21 09:00:00,2023-09-21 09:30:00,NOIR,BRUN ORANGE,52.0,23.0,30.0,0.09,0.09,,1,120,2023-09-21,4,0.1,25.0,52.0,23.0,,120,2023-09-21,4,0.306,2.981,0.0,1.437,2,,,LC / TB,None
121,2338A,NA,121,2023-09-19,4,K37,20.1507,500.0,1,230.0,2023-09-19 07:30:00,55.0,22.0,30.0,0.09,0.09,,121,2023-09-25,4,0,2023-09-25 08:30:00,500.0,2023-09-25 11:15:00,2023-09-25 11:45:00,NOIR - TRACE DE KC8,JAUNE BRUN,41.0,23.0,24.0,0.09,0.09,SHOOT D'O2 KF PPM TRES HAUT CAUSE GANT DETACHE,1,121,2023-09-26,4,0.1,40.0,39.0,23.0,,121,2023-09-26,4,0.308,2.997,0.0,2.703,-1,,,EDG,None
122,2338B,NA,122,2023-09-20,4,K34,10.0179,500.0,2,230.0,2023-09-20 08:00:00,55.0,21.0,29.0,0.09,0.2,,122,2023-06-29,3,0,2023-06-29 08:15:00,500.0,2023-06-29 09:05:00,2023-06-29 09:35:00,NOIR ET OR,ORANGE CLAIR,39.0,23.3,29.9,0.09,0.2,,1,122,2023-09-26,3,0.1,30.0,52.4,25.3,,122,2023-09-26,3,0.0,0.0,0.0,0.782,1,,,,None
123,2338C,NA,123,2023-09-21,4,NONE,0.0,350.0,3,230.0,2023-09-21 08:30:00,52.0,23.0,30.0,0.09,0.09,RE EXFOLLIATION BATCH 2337D,123,2023-09-27,4,0,2023-09-27 09:05:00,500.0,2023-09-27 08:15:00,2023-09-27 08:45:00,NOIR,JAUNE,55.0,23.0,30.0,0.09,0.2,,1,123,2023-09-28,3,0.6,15.0,49.8,25.5,,123,2023-09-28,3,0.0,0.0,0.0,0.596,1,,,LR,None
124,2338D,NA,124,2023-09-22,4,K37,10.0174,500.0,4,230.0,2023-09-22 08:00:00,51.0,22.0,30.0,0.09,0.09,,124,2023-09-28,3,0,2023-09-28 08:20:00,500.0,2023-09-28 09:10:00,2023-09-28 09:40:00,OR ET NOIR,JAUNE,52.8,23.2,26.0,0.09,0.09,CHANGEMENT DE KEG THF PROBLEME PRESSION,1,124,2023-10-03,4,0.1,40.0,50.0,27.0,,124,2023-10-03,5,0.0,0.0,0.0,0.915,3,,,W2,None
125,2339A,A,125,2023-09-26,3,K37,10.0805,500.0,1,230.0,2023-09-26 09:00:00,38.0,23.7,27.6,0.01,0.01,,125,2023-10-02,5,0,2023-10-02 09:30:00,500.0,2023-10-02 10:00:00,2023-10-02 10:30:00,PEUR D'OR - NOIR,ORANGE CLAIR,34.8,24.9,31.1,0.09,0.09,,1,125,2023-10-02,3,0.1,30.0,38.5,30.0,,125,2023-10-02,3,0.0,0.0,0.0,1.204,2,,,,None
129,2339C,NA,129,2023-09-28,3,K37,10.034,500.0,3,230.0,2023-09-28 09:10:00,52.8,23.2,26.0,0.09,0.09,,129,2023-10-04,5,0,2023-10-04 08:00:00,500.0,2023-10-04 09:10:00,2023-10-04 09:40:00,NOIR ET OR,ORANGE,38.3,22.3,28.8,0.09,0.5,KF A 21.7 PPM,1,129,2023-10-04,3,0.1,10.0,37.2,24.7,,129,2023-10-04,5,0.0,0.0,0.0,0.73,-1,,,LR,None
130,2339D,NA,130,2023-09-29,4,K37,10.3742,500.0,4,230.0,2023-09-29 08:00:00,52.0,23.0,30.0,0.09,0.3,MIX KC8 37 34,130,2023-10-05,4,0,2023-10-05 08:45:00,500.0,2023-10-05 08:00:00,2023-10-05 08:30:00,NOIR,BRUN FONCE,33.0,22.0,29.0,0.09,0.4,CENTRI A 0 1000 2000 3000 RPM,1,130,2023-10-05,4,0.1,30.0,33.0,22.0,,130,2023-10-05,4,0.0,0.0,0.0,1.104,-1,,,,None
131,2340A,NA,131,2023-10-03,4,K39,10.0042,500.0,1,230.0,2023-10-03 08:00:00,55.0,26.0,32.0,0.09,0.3,,131,2023-10-09,5,0,2023-10-09 09:35:00,500.0,2023-10-09 09:30:00,2023-10-09 10:00:00,NOIR - BCP D'OR,ORANGE - MARRON FONCE,43.2,23.1,25.7,0.09,0.09,,1,131,2023-10-09,5,0.0,0.0,0.0,0.0,,131,2023-10-09,5,0.0,0.0,0.0,1.657,-1,,,,None
132,2340B,NA,132,2023-10-04,5,K39,10.0475,500.0,2,230.0,2023-10-04 09:00:00,38.0,22.0,28.5,0.09,0.5,KF A 21.7 PPM,132,2023-10-10,3,0,2023-10-10 09:35:00,500.0,2023-10-10 10:00:00,2023-10-10 10:30:00,NOIR - PEU D'OR,MARRON ORGANE FONCE,47.4,23.2,27.8,0.09,0.09,"CHGMT DE COULEUR DU A NOUVEL ERLENMEYER,",1,132,2023-10-10,5,0.1,15.0,41.8,26.8,,132,2023-10-10,3,0.0,0.0,0.0,1.879,3,,,LR,None
133,2340C,NA,133,2023-10-05,4,K39,10.0819,500.0,3,230.0,2023-10-05 07:30:00,33.0,22.0,29.0,0.09,0.4,,133,2023-10-11,4,0,2023-10-11 09:30:00,500.0,2023-10-11 07:30:00,2023-10-11 08:00:00,NOIR,,43.0,23.0,30.5,0.09,0.5,,1,133,2023-10-11,4,0.0,0.0,0.0,0.0,,133,2023-10-11,5,0.0,0.0,0.0,1.636,-1,,,,None
134,2340D,NA,134,2023-10-06,5,K39,10.0388,500.0,4,230.0,2023-10-06 08:10:00,36.5,22.0,29.3,0.09,0.4,,134,2023-10-12,5,0,2023-10-12 07:45:00,500.0,2023-10-12 08:00:00,2023-10-12 08:30:00,NOIR PEU D'OR,ORANGE FONCé,41.5,23.2,28.2,0.09,0.4,STOCKAGE BaG,1,134,2023-10-18,3,1.0,20.0,58.7,24.3,,134,2023-10-18,3,0.0,0.0,0.0,1.6,-1,,,LC,None
135,2341A,NA,135,2023-10-10,3,K39,5.0973,500.0,1,230.0,2023-10-10 09:25:00,47.4,23.2,28.1,0.09,0.5,ARRET 10 MIN DUE A INTERVENTION ELECTRIQUE,135,2023-10-16,5,0,2023-10-16 09:35:00,500.0,2023-10-16 10:05:00,2023-10-16 10:40:00,NOIR PAILLETTE OR ++,BRUN CLAIR,27.6,21.4,22.0,0.09,0.9,STOCKE BaG,1,135,2023-10-17,4,0.1,15.0,52.0,23.0,,135,2023-10-17,4,0.317,3.005,0.0,0.69,-1,,,RS,R&D
136,2341B,NA,136,2023-10-11,4,K39,5.0431,500.0,2,300.0,2023-10-11 09:00:00,33.0,23.0,30.0,0.09,0.4,UTILISATION DE BILLES DE VERREBATCH POUR R&D - ,136,2023-10-17,4,0,2023-10-17 09:35:00,500.0,2023-10-17 08:10:00,2023-10-17 08:40:00,NOIR - PEU DE KC8 RESTANT,JAUNE PALE,48.0,22.0,28.0,0.09,0.7,,1,136,2023-10-17,4,0.1,15.0,52.0,23.0,,136,2023-10-17,4,0.306,3.142,0.0,0.422,-1,,,R&D,R&D
137,2341C,A,137,2023-10-12,5,K38,10.044,500.0,3,230.0,2023-10-12 08:00:00,41.5,23.2,21.9,0.09,0.4,ARRET 10MIN DUE INTERVENTION ELECTRIQUIE,137,2023-10-18,3,0,2023-10-18 08:10:00,500.0,2023-10-18 08:55:00,2023-10-18 09:30:00,OR ET NOIR,ORANGE CLAIR,58.8,24.0,30.2,0.09,0.7,,1,137,2023-10-18,3,0.1,0.0,0.0,0.0,,137,2023-10-18,3,0.0,0.0,0.0,0.931,0,,,,None
138,2341D,NA,138,2023-10-13,5,K39,10.0666,500.0,4,230.0,2023-10-13 08:30:00,47.0,25.0,31.0,0.09,0.5,KF 16.1ppm,138,2023-10-19,5,0,2023-10-19 08:55:00,500.0,2023-10-19 09:00:00,2023-10-19 09:30:00,NOIR OR,BRUN FONCé,48.0,23.4,24.8,0.09,1.1,700ML GARDE,1,138,2023-10-23,3,0.1,10.0,58.6,19.6,,138,2023-10-23,3,0.0,0.0,0.0,3.013,2,,,,None
139,2342A,NA,139,2023-10-17,4,K39,10.0867,500.0,1,230.0,2023-10-17 08:20:00,48.0,23.0,28.0,0.09,0.8,,139,2023-10-23,5,0,2023-10-23 09:05:00,500.0,2023-10-23 09:35:00,2023-10-23 10:05:00,NOIR OR,BRUN,55.0,18.5,25.5,0.09,0.09,,1,139,2023-10-23,5,0.1,10.0,58.6,19.6,,139,2023-10-23,3,0.0,0.0,0.0,1.853,0,,,,None
140,2342B,NA,140,2023-10-18,5,K39,10.0678,500.0,2,230.0,2023-10-18 08:55:00,58.8,24.0,30.2,0.09,0.7,KF A 16.1 PPM,140,2023-10-24,3,0,2023-10-24 09:07:00,500.0,2023-10-24 08:40:00,2023-10-24 09:20:00,NOIR ET OR,BRUN ORANGE FONCé,55.5,17.8,24.5,0.09,0.09,,1,140,2023-10-24,3,0.1,30.0,56.5,19.4,,140,2023-10-24,5,0.0,0.0,0.0,1.516,0,,,EPOR,None
141,2342C,NA,141,2023-10-19,5,K39,10.0981,500.0,3,230.0,2023-10-19 09:00:00,48.0,23.3,24.8,0.09,1.1,,141,2023-10-25,5,0,2023-10-25 09:45:00,500.0,2023-10-25 07:40:00,2023-10-25 08:10:00,NOIR OR,BRUN CLAIR,61.0,19.8,26.0,0.09,0.09,PBLM PIPETTE,1,141,2023-10-25,5,0.1,30.0,61.0,19.8,,141,2023-10-25,3,0.0,0.0,0.0,1.6,3,,,W3,None
142,2342D,NA,142,2023-10-20,4,MIX,10.0475,500.0,4,230.0,2023-10-20 09:20:00,44.0,22.0,24.0,0.09,0.09,,142,2023-10-26,3,0,2023-10-26 07:45:00,500.0,2023-10-26 08:05:00,2023-10-26 08:35:00,BCP D'OR,ORANGE BRUN,69.2,20.4,27.1,0.09,0.09,,1,142,2023-10-26,3,0.1,30.0,62.6,20.8,,142,2023-10-26,5,0.0,0.0,0.0,1.12,1,,,W3,None
143,2343A,NA,143,2023-10-24,3,K42,10.0456,500.0,1,230.0,2023-10-24 08:50:00,55.5,17.8,24.6,0.09,0.09,,143,2023-10-29,4,0,2023-10-29 08:30:00,500.0,2023-10-29 08:40:00,2023-10-29 09:10:00,NOIR ET OR,BRUN JAUNE,60.0,19.0,26.0,0.09,0.5,,1,143,2023-10-29,4,0.1,15.0,58.0,19.0,,143,2023-10-29,4,0.3,2.999,0.0,1.35,1,,,,None
144,2343B,NA,144,2023-10-25,5,K42,10.1902,500.0,2,230.0,2023-10-25 07:50:00,61.0,19.8,26.0,0.09,0.09,,144,2023-10-31,3,0,2023-10-31 09:00:00,500.0,2023-10-31 08:20:00,2023-10-31 08:50:00,BCP D'OR,BRUN,58.2,18.8,25.9,0.09,0.7,3 TUBES EN MOINS,1,144,2023-10-31,5,0.1,45.0,53.9,20.6,,144,2023-10-31,5,0.0,0.0,0.0,1.281,1,,,,None
145,2343D,NA,145,2023-10-27,5,K42,10.0158,500.0,3,230.0,2023-10-27 14:00:00,51.1,19.7,26.8,0.09,0.3,LANCEMENT RETARDE,145,2023-11-02,4,0,2023-11-02 08:20:00,500.0,2023-11-02 08:40:00,2023-11-02 09:10:00,NOIR ET OR,BRUN,52.0,18.0,5.0,0.09,0.5,3 TUBE EN MOINS,1,145,2023-11-02,4,0.1,30.0,51.0,19.0,,145,2023-11-02,4,0.3,2.995,0.0,1.66,2,,,EPOR / W3,None
146,2344A,NA,146,2023-10-31,3,K43,10.0042,500.0,1,230.0,2023-10-31 08:30:00,58.2,18.8,25.7,0.09,0.8,PLAQUE NON ARRETE,146,2023-11-06,3,0,2023-11-06 09:40:00,500.0,2023-11-06 10:15:00,2023-11-06 10:45:00,NOIR ET OR,BRUN FONCé,41.1,20.1,26.8,0.09,1.6,3 TUBES EN MOINS,1,146,2023-11-06,3,0.1,30.0,39.7,20.8,,146,2023-11-06,3,0.0,0.0,0.0,1.526,3,,,SFP,None
147,2344B,NA,147,2023-11-02,4,K42,10.0394,500.0,3,203.0,2023-11-02 09:40:00,52.0,18.0,25.0,0.09,0.5,BATCH POUR R&D - 10 GRAMME DE BILLES,147,2023-11-08,3,0,2023-11-08 11:00:00,500.0,2023-11-08 09:15:00,2023-11-08 09:45:00,OR ET NOIR,VERT JAUNE BRUN TRES CLAIR,40.1,20.0,28.2,0.09,1.1,3 TUBES EN MOINS,1,147,2023-11-08,3,0.1,5.0,37.2,20.8,,147,2023-11-08,7,0.0,0.0,0.0,1.47,0,,,RS,R&D
148,2344C,NA,148,2023-11-03,6,K43,5.041,500.0,3,230.0,2023-11-03 12:40:00,47.5,18.1,24.3,1.2,0.09,,148,2023-11-09,5,0,2023-11-09 09:12:00,500.0,2023-11-09 08:55:00,2023-11-09 09:25:00,NOIR OR ++,JAUNE CLAIR,45.7,20.9,28.2,0.09,0.09,GARDE 200 ML NON CENTRI POUR RS,1,148,2023-11-09,5,0.1,30.0,45.0,21.5,,148,2023-11-05,3,0.0,0.0,0.0,0.497,0,,,EDG,None
149,2345A,,149,2023-11-07,3,K43,20.141,500.0,1,230.0,2023-11-07 10:10:00,36.8,20.6,27.1,0.09,0.9,BATCH POUR R&D,149,2023-11-13,3,0,2023-11-13 08:30:00,500.0,2023-11-13 09:40:00,2023-11-13 10:10:00,NOIR BCP OR,BRUN TRES FONCE,46.9,21.0,27.9,0.09,0.09,3 TUBES EN MOINS,1,149,2023-11-15,3,0.1,30.0,42.0,21.5,DOUBLE OXYDATION,149,2023-11-15,3,0.0,0.0,0.0,2.59,1,,,R&D,R&D
150,2345B,NA,150,2023-11-08,3,K43,10.0678,500.0,2,230.0,2023-11-08 13:45:00,35.7,21.5,28.5,0.09,1.2,PAS D ERLEN PROPRE EN BaG,150,2023-11-14,5,0,2023-11-14 08:32:00,500.0,2023-11-14 08:40:00,2023-11-14 09:10:00,NOIR OR,BRUN CLAIR,64.2,21.6,28.5,0.09,0.09,3 TUBE MANQUANT - STOCKEGE BaG,1,150,2023-11-16,5,0.1,30.0,44.4,22.5,,150,2023-11-16,3,0.0,0.0,0.0,1.49,3,,,JETE,None
151,2345C,NA,151,2023-11-09,5,K43,10.0583,500.0,3,230.0,2023-11-09 14:00:00,42.8,21.5,28.5,0.09,0.09,,151,2023-11-15,3,0,2023-11-15 08:45:00,500.0,2023-11-15 08:45:00,2023-11-15 09:15:00,NOIR ET OR,BRUN FONCE,42.1,21.5,28.5,0.09,0.09,3 TUBES EN MOINS,1,151,2023-11-15,3,0.1,30.0,44.9,22.5,,151,2023-11-15,5,0.0,0.0,0.0,1.587,1,,,W3,None
152,2345D,NA,152,2023-11-10,5,K43,10.0321,500.0,4,230.0,2023-11-10 13:45:00,37.1,21.7,29.1,0.09,0.09,LANCEMENT TARD A CAUS ORGANISATION,152,2023-11-16,5,0,2023-11-16 08:35:00,500.0,2023-11-16 08:10:00,2023-11-16 08:40:00,NOIR OR,,50.0,21.8,28.2,0.09,0.5,,1,152,2023-11-21,5,0.07,30.0,42.3,20.9,,152,2023-11-21,3,0.0,0.0,0.0,1.233,0,,,,None
153,2346A,NA,153,2023-11-14,5,K45,40.0152,500.0,1,230.0,2023-11-14 08:45:00,64.2,21.6,28.5,0.09,0.09,CHGMT CONC KC8,153,2023-11-20,5,0,2023-11-20 08:45:00,500.0,2023-11-20 09:45:00,2023-11-20 10:15:00,NOIR,NOIR,47.0,21.5,28.8,0.09,0.5,6 TUBES EN MOINS,1,153,2023-11-21,3,0.1,30.0,42.1,21.1,,153,2023-11-21,3,0.0,0.0,0.0,3.6,2,,,JETE,None
154,2346B,NA,154,2023-11-15,3,K43,10.0772,500.0,2,230.0,2023-11-15 08:40:00,44.7,21.8,29.1,0.09,0.2,,154,2023-11-21,5,0,2023-11-21 07:40:00,500.0,2023-11-21 08:40:00,2023-11-21 09:10:00,NOIR OR,BRUN CLAIR,42.2,21.0,27.6,0.09,0.6,KARL THF 16 PPM SERINGUE SORTIR,1,154,2023-11-22,3,0.1,30.0,36.9,21.5,,154,2023-11-22,3,0.0,0.0,0.0,1.56,1,,,,None
155,2346C,NA,155,2023-11-16,5,K45,10.0917,500.0,3,230.0,2023-11-16 08:15:00,44.0,25.0,0.0,0.09,0.09,CHGMT FORMULAIRE,155,2023-11-22,5,0,2023-11-22 07:55:00,500.0,2023-11-22 08:55:00,2023-11-22 09:25:00,NOIR OR,BRUN CLAIR,37.7,20.7,0.0,0.09,0.6,,1,155,2023-11-23,5,0.1,30.0,25.4,20.7,,155,2023-11-23,5,0.0,0.0,0.0,1.25,0,,,,None
156,2346D,NA,156,2023-11-17,3,K45,10.0354,500.0,4,230.0,2023-11-17 10:30:00,0.0,0.0,0.0,0.0,0.0,,156,2023-11-23,3,0,2023-11-23 07:45:00,500.0,2023-11-23 08:45:00,2023-11-23 09:15:00,NOIR OR,JAUNE CLAIR,20.5,25.1,27.1,0.09,0.7,,1,156,2023-11-23,3,0.1,30.0,25.3,21.1,,156,2023-11-23,3,0.0,0.0,0.0,1.22,0,SFL,,,None
157,2347A,NA,157,2023-11-21,5,K46,10.02,500.0,1,230.0,2023-11-21 07:45:00,42.8,20.6,27.1,0.09,0.5,,157,2023-11-27,5,0,2023-11-27 09:00:00,500.0,2023-11-27 10:05:00,2023-11-27 10:45:00,NOIR OR,ORANGE FONCE,25.2,19.9,27.1,0.09,0.09,RESTE EN BaG,1,157,2023-11-27,5,0.1,30.0,35.2,20.9,,157,2023-11-28,1,0.0,0.0,0.0,1.37,0,,,LC / W3,None
158,2347B,NA,158,2023-11-22,5,K46,10.0452,500.0,2,230.0,2023-11-22 07:55:00,37.6,20.9,27.6,0.09,0.6,,158,2023-11-25,5,0,2023-11-25 08:30:00,500.0,2023-11-25 09:40:00,2023-11-25 10:30:00,NOIR ET OR,,0.0,0.0,0.0,0.0,0.0,,1,158,2023-11-28,3,0.1,30.0,23.0,20.0,,158,2023-11-28,1,0.0,0.0,0.0,1.08,0,,,LC  W3,None
159,2347C,NA,159,2023-11-23,5,K46,20.0269,500.0,3,230.0,2023-11-23 08:10:00,20.5,25.0,27.6,0.09,0.7,,159,2023-11-29,5,0,2023-11-29 08:20:00,500.0,2023-11-29 09:55:00,2023-11-29 10:25:00,NOIR ET UN PEU D'OR,BRUN FONCE,23.1,19.8,26.8,0.09,0.09,1 TUBE EN MOINS,1,159,2023-11-29,3,0.1,30.0,24.8,20.6,,159,2023-11-29,3,0.0,0.0,0.0,2.42,3,,,R&D LR,R&D
160,2347D,NA,160,2023-11-24,3,K47,5.0834,500.0,4,230.0,2023-11-24 12:40:00,36.8,21.3,29.6,0.09,0.09,BATCH POUR R&D,160,2023-11-30,5,0,2023-11-30 09:35:00,500.0,2023-11-30 08:00:00,2023-11-30 08:35:00,OR ++,JAUNE TRES CLAIR,50.0,20.9,27.6,0.09,0.09,BCP D'OR DANS LES SEDIMENTS,1,160,2023-11-30,5,0.1,30.0,43.5,21.2,,160,2023-11-30,3,0.0,0.0,0.0,0.62,0,,,R&D RS,R&D
161,2348A,NA,161,2023-11-28,5,K46,10.8357,500.0,1,230.0,2023-11-28 11:20:00,33.0,21.2,27.9,0.09,0.09,,161,2023-12-04,5,0,2023-12-04 08:50:00,500.0,2023-12-04 09:30:00,2023-12-04 10:00:00,OR NOIR,BRUN FONCE,36.0,20.4,27.6,0.09,0.09,PBLM PIPETTEUR AUTO QUI FUIT,1,161,2023-12-05,5,0.1,30.0,30.0,20.7,,161,2023-12-05,5,0.0,0.0,0.0,1.56,0,,,,None
162,2348B,NA,162,2023-11-29,3,K45,10.0154,500.0,2,230.0,2023-11-29 09:38:00,23.7,19.9,27.4,0.09,0.09,,162,2023-12-05,4,0,2023-12-05 07:30:00,500.0,2023-12-05 08:30:00,2023-12-05 09:00:00,NOIR TRACE DE KC8,BRUN,30.0,20.0,27.0,0.09,0.09,STOCKAGE BaG BTL 1L,1,162,2023-12-06,5,0.1,30.0,28.4,20.5,,162,2023-12-06,5,0.0,0.0,0.0,1.62,3,,,,None
163,2348C,NA,163,2023-11-30,5,K46,10.016,500.0,3,230.0,2023-11-30 08:20:00,52.0,20.9,27.6,0.09,0.09,,163,2023-11-06,5,0,2023-11-06 07:35:00,500.0,2023-11-06 08:35:00,2023-11-06 09:05:00,OR NOIR,BRUN FONCE,28.2,20.5,26.8,0.09,0.09,BT L SORTI LE 7/12,1,163,2023-12-07,4,0.1,30.0,25.0,20.0,,163,2023-12-07,4,0.0,0.0,0.0,1.23,0,,,LC,None
164,2348D,NA,164,2023-12-01,5,K46,20.0505,500.0,4,230.0,2023-12-01 14:00:00,38.5,20.8,27.9,0.09,0.09,,164,2023-12-07,5,0,2023-12-07 08:20:00,500.0,2023-12-07 09:30:00,2023-12-07 10:00:00,BCP D'OR ET NOIR,TRES NOIR,25.0,20.8,27.6,0.09,0.09,PLUS DE SEDIMENT QU EN 10 GL,1,164,2023-12-07,5,0.1,30.0,28.2,21.7,,164,2023-12-07,5,0.0,0.0,0.0,2.64,0,,,LR,None
165,2349A,NA,165,2023-12-05,4,MIX,20.1212,500.0,1,230.0,2023-12-05 07:20:00,20.0,25.0,27.0,0.01,0.01,MIX KC8 46 48,165,2023-12-11,4,0,2023-12-11 09:00:00,500.0,2023-12-11 10:00:00,2023-12-11 10:30:00,NOIR - PLUS DE KC8,MARRON BRUN,53.0,21.0,27.0,0.09,0.3,STOCKAGE BaG,1,165,2023-12-12,5,0.1,30.0,48.0,22.0,,165,2023-12-12,4,0.0,0.0,0.0,2.35,2,,,LR,None
166,2349B,NA,166,2023-12-06,5,K48,10.0504,500.0,2,230.0,2023-12-06 08:20:00,28.4,20.5,27.4,0.09,0.09,,166,2023-12-12,5,0,2023-12-12 08:35:00,500.0,2023-12-12 09:50:00,2023-12-12 10:20:00,OR NOIR,BRUN,47.5,21.5,28.2,0.09,0.4,1 TUBE EN MOINS,1,166,2023-12-13,3,0.1,30.0,37.7,21.5,,166,2023-12-13,3,0.0,0.0,0.0,1.41,1,,,W3,None
167,2349C,NA,167,2023-12-07,3,K48,10.0256,500.0,3,230.0,2023-12-07 09:35:00,24.9,20.9,27.9,0.09,0.2,,167,2023-12-13,3,0,2023-12-13 07:30:00,500.0,2023-12-13 08:30:00,2023-12-13 09:00:00,OR ET NOIR,BRUN FONCE,37.9,21.3,24.8,0.09,0.3,2 BTL 500ML,1,167,2023-12-13,3,0.1,20.0,36.4,22.2,,167,2023-12-13,5,0.0,0.0,0.0,1.33,0,,,,None
168,2349D,NA,168,2023-12-08,4,K48,20.1802,500.0,4,230.0,2023-12-08 08:15:00,40.0,22.0,27.0,0.09,0.09,20GL,168,2023-12-14,4,0,2023-12-14 07:45:00,500.0,2023-12-14 08:45:00,2023-12-14 09:15:00,NOIR PEU D4OR,BRUN FONCé,28.0,21.0,27.0,0.09,0.5,,1,168,2023-12-14,4,0.1,30.0,27.0,22.0,,168,2023-12-14,4,0.0,0.0,0.0,2.24,0,,,LR,None
169,2349E,NA,169,2023-12-08,4,K48,10.0289,500.0,11,230.0,2023-12-08 08:20:00,40.0,22.0,27.0,0.09,0.09,NVLLE PLAQUE,169,2023-12-14,4,0,2023-12-14 07:40:00,500.0,2023-12-14 08:40:00,2023-12-14 09:10:00,NOIR,BRUN,28.0,21.0,27.0,0.09,0.5,SURNAGEAN DE SEDIM POUR CENTRI A J+1,1,169,2023-12-15,4,0.1,30.0,38.0,22.0,,169,2023-12-15,4,0.0,0.0,0.0,1.31,0,,,W3,None
170,2350A,NA,170,2023-12-12,5,K49,10.0265,500.0,1,230.0,2023-12-12 08:40:00,47.7,21.4,28.2,0.09,0.4,,170,2023-12-18,3,0,2023-12-18 08:00:00,500.0,2023-12-18 09:00:00,2023-12-18 09:30:00,NORII QQUE PARTICULES OR,BRUN CLAIR,23.1,19.8,27.4,0.09,0.8,KF A 17 PPM,1,170,2023-12-19,5,0.1,30.0,0.0,0.0,,170,2023-12-19,5,0.0,0.0,0.0,2.075,0,,,,None
171,2350B,NA,171,2023-12-13,3,K49,10.0056,500.0,2,230.0,2023-12-13 08:25:00,37.3,21.9,28.0,0.09,0.3,,171,2023-12-19,5,0,2023-12-19 08:35:00,500.0,2023-12-19 09:30:00,2023-12-19 10:00:00,NOIR,,25.4,20.0,26.7,0.09,0.7,3 TUBE EN MOINS CAR TROP DE SEDIMENTS,1,171,2023-12-20,4,0.1,30.0,31.0,20.0,,171,2023-12-20,4,0.0,0.0,0.0,1.16,0,,,W3,None
172,2350C,NA,172,2023-12-14,4,K49,10.027,500.0,3,230.0,2023-12-14 07:50:00,28.0,21.0,27.0,0.09,0.5,,172,2023-12-20,4,0,2023-12-20 08:00:00,500.0,2023-12-20 09:00:00,2023-12-20 09:30:00,NOIR,JAUNE BRUN,31.0,20.0,27.0,0.09,0.6,STOCKAGE BaG SORTIE ELE 21,1,172,2023-12-21,4,0.1,30.0,29.0,21.0,,172,2023-12-21,4,0.0,0.0,0.0,1.39,0,,,W3,None
173,2350D,NA,173,2023-12-23,5,K49,10.0289,500.0,4,230.0,2012-12-15 11:10:00,36.1,21.8,29.1,0.09,0.6,,173,2023-12-21,5,0,2023-12-21 07:20:00,500.0,2023-12-21 08:20:00,2023-12-21 08:50:00,NOIR,BRUN CLAIR,39.0,21.0,27.0,0.09,1.0,2 TUBES EN MOINS,1,173,2023-12-22,4,0.1,30.0,45.0,21.0,,173,2023-12-22,1,0.0,0.0,0.0,1.0,3,,,W3,None
174,2350E,NA,174,2023-12-15,5,K49,10.0679,500.0,11,230.0,2023-12-15 12:00:00,35.0,23.0,29.0,0.09,0.5,,174,2023-12-21,4,0,2023-12-21 07:20:00,500.0,2023-12-21 08:20:00,2023-12-21 08:50:00,NOIR,BRUN,39.0,21.0,27.0,0.09,1.0,,1,174,2023-12-22,4,0.1,30.0,44.0,22.0,,174,2023-12-22,4,0.0,0.0,0.0,1.1,3,,,W3,None
175,2401D,NA,175,2024-01-05,4,K01,10.0729,500.0,4,230.0,2024-01-05 08:10:00,21.0,37.0,27.0,0.09,0.09,,175,2024-01-11,3,0,2024-01-11 08:20:00,500.0,2024-01-11 09:20:00,2024-01-11 09:50:00,BCP D'OR NOIR,BRUN,20.0,19.0,28.5,0.09,0.09,,1,175,2024-01-12,4,0.1,30.0,20.0,19.0,,175,2024-01-12,4,0.314,3.317,0.0,1.6,0,,,TB LBF,None
176,2401E,NA,176,2024-01-05,4,K01,20.0999,500.0,11,230.0,2024-01-05 08:10:00,37.0,21.0,27.0,0.09,0.09,,176,2024-01-11,3,0,2024-01-11 08:50:00,500.0,2024-01-11 09:50:00,2024-01-11 10:20:00,BCP DE SEDIMENT / NOIR ET OR,BRUN,20.9,19.4,28.5,0.09,0.09,MIS EN SEDIM PUIS DANS LA OUTEILLE,1,176,2024-01-15,4,0.1,36.0,31.0,20.0,,176,2024-01-15,4,0.304,3.009,0.0,3.3,0,,,,None
178,2402B,NA,178,2024-01-10,4,K01+02,20.1271,500.0,2,230.0,2024-01-10 08:00:00,19.0,20.0,28.0,0.09,0.09,,178,2024-01-16,4,0,2024-01-16 07:35:00,500.0,2024-01-16 08:00:00,2024-01-16 08:30:00,NOIR,BRUN,33.0,19.0,28.0,0.09,0.3,,1,178,2024-01-17,3,0.8,15.0,39.5,20.9,1/2 BOUTEILLE,178,2024-01-17,3,0.0,0.0,0.0,2.4,1,,,APPLI,None
179,2402C,NA,179,2024-01-11,3,K02,10.0479,500.0,3,250.0,2024-01-11 08:55:00,20.4,19.4,28.5,0.09,0.09,,179,2024-01-17,3,0,2024-01-17 07:35:00,500.0,2024-01-17 08:40:00,2024-01-17 09:10:00,BCP DE OR - NOIR,BRUN,39.5,21.0,28.5,0.09,0.4,,1,179,2024-01-18,4,0.1,30.0,41.0,21.0,,179,2024-01-18,4,0.0,0.0,0.0,1.4,2,,,W3,None
180,2402D,NA,180,2024-01-12,4,K02,10.0725,500.0,4,230.0,2024-01-12 08:10:00,20.0,20.0,27.0,0.09,0.09,,180,2024-01-18,4,0,2024-01-18 07:50:00,500.0,2024-01-18 08:50:00,2024-01-18 09:20:00,NOIR ET OR,BRUN,43.9,21.0,29.0,0.09,0.5,,1,180,2024-01-22,4,0.1,30.0,27.0,19.0,,180,2024-01-22,4,0.316,3.002,0.0,1.4,3,,,SORB,None
181,2403A,NA,181,2024-01-16,4,K02,10.061,500.0,1,230.0,2024-01-16 07:30:00,35.0,20.0,28.0,0.09,0.3,,181,2024-01-22,4,0,2024-01-22 08:00:00,500.0,2024-01-22 09:00:00,2024-01-22 09:30:00,NOIR OR,BRUN,27.0,19.0,29.0,0.09,0.6,,1,181,2024-01-23,3,0.1,30.0,48.5,19.9,,181,2024-01-23,3,0.0,0.0,0.0,1.4,3,,,,None
182,2403B,NA,182,2024-01-17,3,K02,20.1157,500.0,2,230.0,2024-01-17 09:05:00,39.8,21.1,28.8,0.09,0.4,AJOUT 10G KC8 PLUS TARD,182,2024-01-23,3,0,2024-01-23 07:20:00,500.0,2024-01-23 08:20:00,2024-01-23 08:50:00,OR ET NOIR - CP DE SEDIMENTS,TRES FONCE,48.5,19.5,27.4,0.09,0.9,,1,182,2024-01-24,4,0.1,30.0,49.0,20.0,,182,2024-01-24,4,0.0,0.0,0.0,3.0,3,,,W3,None
183,2403C,NA,183,2024-01-18,4,K02,20.0938,500.0,3,230.0,2024-01-18 08:00:00,40.0,21.0,28.0,0.09,0.5,,183,2024-01-24,4,0,2024-01-24 07:44:00,500.0,2024-01-24 08:44:00,2024-01-24 09:10:00,NOIR ET OR EPAIS,BRUN ORANGE,49.0,20.0,28.0,0.09,0.5,,1,183,2024-01-25,3,0.1,30.0,38.0,20.2,,183,2024-04-25,3,0.0,0.0,0.0,2.5,3,,,W3,None
184,2403D,NA,184,2024-01-19,3,K03,10.054,500.0,4,230.0,2024-01-19 16:00:00,0.0,20.4,0.0,0.09,0.5,TARD CAR KC8 PREP LE MEME JOUR,184,2024-01-25,3,0,2024-01-25 07:25:00,500.0,2024-01-25 08:30:00,2024-01-25 09:00:00,NOIR ET BCP D'OR,BRUN CLAIR,37.9,20.6,25.0,0.09,0.09,2 TUBES NON REMPLIS,1,184,2024-01-26,4,0.1,30.0,40.0,20.0,,184,2024-01-26,4,0.0,0.0,0.0,1.4,0,,,W3,None
185,2404A,NA,185,2024-01-23,3,K03,20.0918,500.0,1,230.0,2024-01-23 07:25:00,48.6,19.3,27.1,0.09,0.8,,185,2024-01-29,3,0,2024-01-29 08:25:00,500.0,2024-01-29 09:40:00,2024-01-29 10:10:00,BCP DE SEDIMENTS - OR ET NOIR,BRUN FONCE,35.7,20.2,27.8,0.09,0.3,2 TUBES EN MOINS,1,185,2024-01-30,4,0.1,30.0,40.0,20.0,,185,2024-01-30,4,0.0,0.0,0.0,2.4,3,,,W10,None
186,2404B,NA,186,2024-01-24,4,K03,20.0891,500.0,2,230.0,2024-01-24 07:44:00,49.0,20.0,28.0,0.09,0.2,,186,2024-01-30,4,0,2024-01-30 07:30:00,500.0,2024-01-30 08:30:00,2024-01-30 09:00:00,NOIR ET OR,BRUN FONCE,39.0,20.0,28.0,0.09,0.2,,1,186,2024-01-31,3,0.1,30.0,33.7,20.4,,186,2024-01-31,3,0.0,0.0,0.0,2.5,3,,,W3,None
187,2404C,NA,187,2024-01-25,3,K03,20.1444,500.0,3,230.0,2024-01-25 07:25:00,38.0,20.2,28.0,0.09,0.09,,187,2024-01-31,3,0,2024-01-31 07:40:00,500.0,2024-01-31 08:40:00,2024-01-31 09:10:00,BCP D'OR PEU DE SEDIMENTS - NOIR,BRUN FONCE,34.1,20.7,25.0,0.09,0.7,2 TUBES NON REMPLIS,1,187,2024-02-01,4,0.1,29.0,40.0,20.0,,187,2024-02-01,4,0.0,0.0,0.0,2.3,1,,,TP LBF,None
188,2404D,NA,188,2024-01-16,4,K03,20.0854,500.0,4,203.0,2024-01-16 07:30:00,40.0,20.0,29.0,0.09,0.09,,188,2024-02-01,4,0,2024-02-01 07:25:00,500.0,2024-02-01 08:25:00,2024-02-01 09:00:00,NOIR,BRUN,41.0,19.0,27.0,0.09,0.5,,1,188,2024-02-02,4,0.1,30.0,48.0,20.0,,188,2024-02-02,4,0.0,0.0,0.0,2.5,3,,,W10,None
189,2405A,NA,189,2024-01-30,4,K03,20.0569,500.0,1,230.0,2024-01-30 07:30:00,40.0,20.0,28.0,0.09,0.3,,189,2024-02-05,4,0,2024-02-05 07:31:00,500.0,2024-02-05 08:30:00,2024-02-05 09:00:00,NOIR ET OR,BRUN,32.0,18.0,26.0,0.09,0.09,BCP DE KC8 DANS LES SEDIMENTS,1,189,2024-02-07,4,0.1,30.0,38.0,19.0,,189,2024-02-07,4,0.0,0.0,0.0,2.7,3,,,W10,None
190,2405B,NA,190,2024-01-31,3,K03,20.0865,500.0,2,230.0,2024-01-31 07:45:00,33.6,20.4,27.8,0.09,0.9,,190,2024-02-06,3,0,2024-02-06 07:30:00,500.0,2024-02-06 08:30:00,2024-02-06 09:00:00,BCP DE SEDIMENTS - BCP D'OR ET NOIR,BRUN PAS TRES FONCE,36.2,18.2,26.0,0.09,0.09,2 TUBES NON REMPLIS - 1 BOUCHON NOIR CASSE,1,190,2024-02-07,4,0.1,60.0,38.0,19.0,,190,2024-02-07,4,0.0,0.0,0.0,2.6,3,,,W10,None
191,2405C,NA,191,2024-02-01,4,K04,20.0249,500.0,3,230.0,2024-02-01 07:30:00,41.0,19.0,27.0,0.09,0.3,230RPM JUSQU'A 16H,191,2024-02-07,4,0,2024-02-07 07:40:00,500.0,2024-02-07 08:40:00,2024-02-07 10:15:00,BCP KC8-  NOIR,BRUN PEU FONCE,36.0,18.0,27.0,0.09,0.09,1H30 SEDIMENTATION,1,191,2024-02-08,3,0.1,30.0,47.3,20.2,,191,2024-02-08,3,0.0,0.0,0.0,2.3,3,,,W10,None
192,2405D,NA,192,2024-02-02,3,K04,20.0359,500.0,4,230.0,2024-02-02 09:00:00,44.2,20.3,28.2,0.09,0.09,PLAQUE NON APPELE A 15H,192,2024-02-08,3,0,2024-02-08 08:15:00,500.0,2024-02-08 09:10:00,2024-02-08 09:50:00,BCP D'OR - NOIR,BRUN FONCE,42.3,19.7,28.5,0.09,0.09,2 TUBES EN MOINS ,1,192,2024-02-08,3,0.1,30.0,37.8,21.2,,192,2024-02-08,3,0.0,0.0,0.0,2.4,1,,,TB LBF,None
193,2406A,NA,193,2024-02-06,3,K04,20.0245,500.0,1,230.0,2024-02-06 07:30:00,36.2,18.2,26.0,0.09,0.09,,193,2024-02-12,3,0,2024-02-12 09:35:00,500.0,2024-02-12 10:35:00,2024-02-12 11:05:00,OR ET NOIR,BRUN FONCE,34.5,20.1,28.2,0.09,0.09,CENTRI ERREUR 33 - PLM PIPETTEUR,1,193,2024-02-13,4,0.1,30.0,38.0,19.0,,193,2024-02-13,4,0.0,0.0,0.0,3.0,1,,,LB,None
194,2406B,NA,194,2024-02-07,4,K04,20.0,500.0,2,230.0,2024-02-07 07:40:00,36.0,18.0,27.0,0.09,0.09,,194,2024-02-13,4,0,2024-02-13 07:40:00,500.0,2024-02-13 08:40:00,2024-02-13 09:10:00,NOIR - BCP KC8 NON REAGI,BRUN,38.0,19.0,27.0,0.09,0.09,,1,194,2024-02-14,1,0.03,0.0,34.9,20.4,TEST DUREE OXIDATION,194,2024-02-14,8,0.0,0.0,0.0,1.84,1,,,R&D,None
195,2406C,NA,195,2024-02-08,3,K04,20.0303,500.0,3,230.0,2024-02-08 08:20:00,47.9,19.8,27.6,0.09,0.09,,195,2024-02-14,3,0,2024-02-14 07:50:00,500.0,2024-02-14 08:50:00,2024-02-14 09:20:00,NOIR ET KC8,BRUN FONCE,34.7,20.0,28.0,0.09,0.2,,1,195,2024-02-15,4,0.1,30.0,34.0,20.0,,195,2024-02-15,4,0.0,0.0,0.0,2.4,3,,,W20,None
196,2406D,NA,196,2024-02-09,4,K04,10.0175,500.0,4,203.0,2024-02-09 07:40:00,35.0,20.0,28.0,0.09,0.09,,196,2024-02-15,4,0,2024-02-15 07:30:00,500.0,2024-02-15 08:30:00,2024-02-15 09:00:00,NOIR - TRACE DE KC8,BRUN,34.0,20.0,27.0,0.09,0.2,,1,196,2024-02-16,3,0.1,35.0,44.7,21.2,,196,2024-02-16,3,0.0,0.0,0.0,1.1,3,,,TB,None
197,2407A,NA,197,2024-02-13,4,K04+06,20.0243,500.0,1,230.0,2024-02-13 07:35:00,38.0,19.0,27.0,0.01,0.01,KF A 23 PPM,197,2024-02-19,4,0,2024-02-19 07:35:00,500.0,2024-02-19 08:35:00,2024-02-19 09:05:00,NOIR ET TRACES KC8,BRUN,46.0,20.0,26.0,0.09,0.5,TROUBLESHOOTING WL,1,197,2024-02-20,1,0.03,0.0,33.9,21.1,TEMPS OXIDATION VARIABLE - VOIR WL,197,2024-02-20,1,0.0,0.0,0.0,2.39,0,,,R&D POUR CAT 3,None
198,2407B,NA,198,2024-02-14,3,K06B,10.0845,500.0,2,230.0,2024-02-14 08:15:00,34.7,20.0,28.0,0.09,0.2,,198,2024-02-20,3,0,2024-02-20 07:50:00,500.0,2024-02-20 08:50:00,2024-02-20 09:20:00,BCP D'OR,JAUNE CLAIR,34.4,20.6,28.5,0.09,0.7,TL 1 L RECONDITIONE E LENDEMAIN EN 4 X BTL,1,198,2024-02-21,3,0.03,24.0,30.4,20.7,,198,2024-02-21,3,0.0,0.0,0.0,0.71,0,,,R&D CAT3,None
199,2407C,NA,199,2024-02-15,4,K07,20.133,500.0,3,230.0,2024-02-15 07:40:00,34.0,20.0,27.0,0.09,0.2,K07 PREPARE SELON ANCIEN PROTOCOLE,199,2024-02-21,4,0,2024-02-21 07:40:00,500.0,2024-02-21 08:40:00,2024-02-21 09:10:00,NOIR OR,BRUN,30.0,20.0,28.0,0.09,0.7,,1,199,2024-02-22,1,0.0,0.0,0.0,0.0,ESSAI R&D WEMBO,199,2024-02-22,1,0.0,0.0,0.0,2.1,0,,,,None
200,2407D,NA,200,2023-02-16,3,K07,10.113,500.0,4,230.0,2023-02-16 07:45:00,45.4,20.9,28.5,0.09,0.3,,200,2024-02-22,3,0,2024-02-22 08:00:00,500.0,2024-02-22 09:00:00,2024-02-22 09:30:00,BCP D'OR + NOIR,JAUNE CLAIR,33.5,21.0,28.5,0.09,0.9,BTL 1L,1,200,2024-02-23,4,0.0,0.0,0.0,0.0,ESSAI R&D,200,2024-02-23,4,0.0,0.0,0.0,1.0,0,,,R&D,None
201,2409B,NA,201,2024-02-28,4,K07,10.055,500.0,2,230.0,2024-02-28 08:00:00,19.0,20.0,27.0,0.09,0.09,,201,2024-03-05,4,0,2024-03-05 08:00:00,500.0,2024-03-05 09:00:00,2024-03-05 09:30:00,NOIR,BRUN,30.0,21.0,27.0,0.09,0.09,TEST CENTRI DYONIMER,2,201,2024-03-05,7,0.1,30.0,30.0,21.0,,201,2024-03-05,7,0.0,0.0,0.0,1.1,0,,,R&D APPLI,None
202,2409C,NA,202,2024-02-29,3,K06A,10.0235,500.0,3,230.0,2024-02-29 09:05:00,39.5,20.4,28.2,0.09,0.09,,202,2024-03-09,3,0,2024-03-09 08:45:00,500.0,2024-03-09 09:45:00,2024-03-09 10:15:00,BCP D'OR - BCP SEDIMENTS,JAUNE,33.9,19.4,28.0,34.1,19.4,CENTRI EN BaG,1,202,2024-03-06,3,0.1,30.0,34.2,21.8,,202,2024-03-06,1,0.0,0.0,0.0,1.1,0,,,R&D APPLI,None
203,2409H,NA,203,2024-03-01,4,K06,20.1354,500.0,4,230.0,2024-03-01 08:00:00,32.0,19.0,27.0,0.09,0.09,,203,2024-03-07,3,0,2024-03-07 08:10:00,500.0,2024-03-07 09:10:00,2024-03-07 09:40:00,,,30.4,19.7,28.0,0.09,0.3,CENTRI HORS BaG A 12H,2,203,2024-03-07,1,0.1,30.0,28.1,22.3,,203,2024-03-07,1,0.0,0.0,0.0,2.6,0,,,W10,None
204,2409E,NA,204,2024-03-01,4,K06,20.0673,500.0,5,230.0,2024-03-01 08:00:00,32.0,19.0,27.0,0.09,0.09,,204,2024-03-07,3,0,2024-03-07 08:10:00,500.0,2024-03-07 09:10:00,2024-03-07 09:40:00,,,30.4,19.7,28.0,0.09,0.3,CENTRI HORS BaG DIO,2,204,2024-03-07,1,0.1,30.0,28.1,22.3,,204,2024-03-07,1,0.0,0.0,0.0,2.7,1,,,W10,None
205,2409F,NA,205,2024-03-01,4,K06,21.0077,500.0,6,230.0,2024-03-01 08:30:00,32.0,19.0,28.0,0.09,0.09,,205,2024-03-07,3,0,2024-03-07 08:10:00,500.0,2024-03-07 09:10:00,2024-03-07 09:50:00,,,30.4,19.7,28.0,0.09,0.3,CENTRI HORS BaG,2,205,2024-03-07,1,0.1,30.0,28.1,22.3,,205,2024-03-07,1,0.0,0.0,0.0,3.5,1,,,W10,None
206,2409G,NA,206,2024-03-01,4,K MIX,21.8712,500.0,7,230.0,2024-03-01 08:30:00,32.0,19.0,28.0,0.09,0.09,K03 + K07 + K04,206,2024-03-07,3,0,2024-03-07 08:10:00,500.0,2024-03-07 09:10:00,2024-03-07 09:40:00,,,30.4,19.7,28.0,0.09,0.3,CENTRI HORS BaG,2,206,2024-03-07,1,0.1,30.0,28.1,22.3,,206,2024-03-07,1,0.0,0.0,0.0,1.9,0,,,W10,None
207,2410A,NA,207,2024-03-06,3,K10,20.0344,500.0,1,230.0,2024-03-06 12:05:00,34.5,21.5,30.0,0.09,0.6,-0.3GR CAR NVX FLACON 50ML,207,2024-03-12,3,0,2024-03-12 07:40:00,500.0,2024-03-12 08:40:00,2024-03-12 09:10:00,BCP DE SEDIMENT,,33.7,19.3,27.7,0.09,0.7,CENTRI HORS BaG BATCH 2410A -> 2410D,2,207,2024-03-12,3,0.1,30.0,36.1,21.1,,207,2024-03-12,4,0.0,0.0,0.0,2.9,3,,,SYST TRANSF HORS BAG,None
208,2410B,NA,208,2024-03-06,3,K10,20.0416,500.0,2,230.0,2024-03-06 12:05:00,34.5,21.5,30.0,0.09,0.6,,208,2024-03-12,3,0,2024-03-12 07:40:00,500.0,2024-03-12 08:40:00,2024-03-12 09:10:00,BCP DE SEDIMENTS,,33.7,19.3,27.7,0.09,0.7,CENTRI HORS BaG,2,208,2024-03-12,3,0.1,30.0,36.2,21.1,,208,2024-03-12,4,0.0,0.0,0.0,2.3,1,,,,None
209,2410C,NA,209,2024-03-06,3,K10,20.0114,500.0,3,230.0,2024-03-06 12:05:00,34.5,21.5,30.0,0.09,0.6,,209,2024-03-12,3,0,2024-03-12 07:40:00,500.0,2024-03-12 08:40:00,2024-03-12 09:10:00,BCP DE SEDIMENTS,,33.7,19.3,27.7,0.09,0.7,CENTRI HORS BaG,2,209,2024-03-12,3,0.1,30.0,36.2,21.1,,209,2024-03-12,4,0.0,0.0,0.0,1.9,0,,,,None
210,2410D,NA,210,2024-03-06,3,K10,20.079,500.0,4,230.0,2024-03-06 12:05:00,34.5,21.5,30.0,0.09,0.6,,210,2024-03-12,3,0,2024-03-12 07:40:00,500.0,2024-03-12 08:40:00,2024-03-12 09:10:00,BCP DE SEDIMENTS,,33.7,19.3,27.7,0.09,0.7,CENTRI HORS BaG,2,210,2024-03-12,3,0.1,30.0,36.2,21.1,,210,2024-03-12,4,0.0,0.0,0.0,2.5,1,,,,None
211,2410E,NA,211,2024-03-07,3,K10,20.0435,500.0,5,230.0,2024-03-07 11:40:00,29.9,20.8,28.8,0.09,0.5,,211,2024-03-13,4,0,2024-03-13 07:30:00,500.0,2024-03-13 08:30:00,2024-03-13 09:00:00,,,33.0,19.0,28.0,0.09,0.7,,1,211,2024-03-13,3,0.0,0.0,0.0,0.0,,211,2024-03-13,3,0.0,0.0,0.0,2.3,1,,,,None
212,2410F,NA,212,2024-03-07,3,K10,20.0388,500.0,6,230.0,2024-03-07 11:40:00,29.9,20.8,28.8,0.09,0.5,,212,2024-03-13,4,0,2024-03-13 07:30:00,500.0,2024-03-13 08:30:00,2024-03-13 09:00:00,,,33.0,19.0,27.0,0.09,0.7,,1,212,2024-03-13,3,0.0,0.0,0.0,0.0,,212,2024-03-13,3,0.0,0.0,0.0,3.7,3,,,,None
213,2410G,NA,213,2024-03-07,3,K10,20.0261,500.0,7,130.0,2024-03-07 11:40:00,39.9,20.8,28.8,0.09,0.5,,213,2024-03-13,4,0,2024-03-13 07:30:00,500.0,2024-03-13 08:30:00,2024-03-13 09:00:00,,,33.0,19.0,28.0,0.09,0.7,,1,213,2024-03-13,3,0.0,0.0,0.0,0.0,,213,2024-03-13,3,0.0,0.0,0.0,2.9,0,,,,None
214,2410H,NA,214,2024-03-07,3,K10,20.108,500.0,8,230.0,2024-03-07 11:40:00,29.9,20.8,28.8,0.09,0.5,,214,2024-03-13,4,0,2024-03-13 07:30:00,500.0,2024-03-13 08:30:00,2024-03-13 09:00:00,,,33.0,19.0,28.0,0.09,0.7,,1,214,2024-03-13,3,0.0,0.0,0.0,0.0,,214,2024-03-13,3,0.0,0.0,0.0,2.9,1,,,,None
216,2411B,NA,216,2024-03-13,4,K11,20.0767,500.0,2,230.0,2024-03-13 07:15:00,33.0,19.0,28.0,0.09,0.7,,216,2024-03-19,4,0,2024-03-19 07:40:00,500.0,2024-03-19 08:40:00,2024-03-19 09:10:00,NOIR,,33.0,22.0,29.0,0.09,0.09,CENTRIF DIO A J+1,2,216,2024-03-20,8,0.0,0.0,30.6,22.0,OXIDATIO NPAR WEMBO,216,2024-03-20,3,0.0,0.0,0.0,3.0,0,,,R&D APPLI,None
217,2411C,NA,217,2024-03-13,4,K11,20.019,500.0,3,230.0,2024-03-13 08:00:00,32.0,20.0,28.0,0.09,0.7,,217,2024-03-20,3,0,2024-03-20 07:35:00,500.0,2024-03-20 08:35:00,2024-03-20 09:05:00,,,31.3,20.1,30.0,0.09,0.09,CENTRI DIO A J+1 - RESEDIMENTATION DANS L4ERLEN QUI NE SONT PAS PRELEVE,2,217,2024-03-21,4,0.1,30.0,42.0,22.0,,217,2024-03-21,3,0.0,0.0,0.0,1.6,1,,,LBF EPO,None
218,2411D,NA,218,2024-03-15,4,K10+11,7.8352,500.0,4,230.0,2024-03-15 08:00:00,31.0,21.0,29.0,0.09,0.9,,218,2024-03-21,4,0,2024-03-21 07:30:00,500.0,2024-03-21 08:30:00,2024-03-21 09:00:00,NOIR,,40.0,23.0,30.0,0.09,0.09,STOCKAGE BaG JUSQU'A 2603,1,218,2024-04-04,4,0.1,25.0,32.0,21.0,,218,2024-04-04,4,0.0,0.0,0.0,1.4,3,,,LC EPOR,None
219,2412A,NA,219,2024-03-19,4,K11,20.0048,500.0,1,230.0,2024-03-19 08:20:00,36.0,22.0,30.0,0.09,0.09,,219,2024-03-25,4,0,2024-03-25 07:30:00,500.0,2024-03-25 08:30:00,2024-03-25 09:00:00,NOIR,BRUN,21.0,21.0,30.0,0.09,0.3,STOCKAGE BaG,1,219,2024-03-25,4,0.0,0.0,0.0,0.0,,219,2024-03-25,4,0.0,0.0,0.0,1.8,1,,,,None
220,2412B,NA,220,2024-03-20,3,K11,20.0054,500.0,2,230.0,2014-03-20 07:45:00,31.3,20.1,30.1,0.09,0.09,,220,2024-03-26,3,0,2024-03-26 07:50:00,500.0,2024-03-26 08:50:00,2024-03-26 09:20:00,NOIR ET OR,BRUN - ROUGE FONCE,34.2,21.1,29.1,0.09,0.09,RECUP LONGUE CAR PAS DE TUBE EN BaG,1,220,2024-03-27,4,0.1,30.0,27.0,20.0,,220,2024-03-27,4,0.0,0.0,0.0,1.8,1,,,LC MP,None
221,2412C,NA,221,2024-03-21,4,K11,20.046,500.0,3,230.0,2024-03-21 07:30:00,42.0,22.0,30.0,0.09,0.09,,221,2024-03-27,4,0,2024-03-27 07:30:00,500.0,2024-03-27 08:30:00,2024-03-27 09:00:00,NOIR,BRUN,29.0,20.0,30.0,0.09,0.3,,1,221,2024-03-28,8,0.0,0.0,28.5,20.3,WEMBO LI POUR R&D,221,2024-03-28,4,0.0,0.0,0.0,1.9,3,,,R&D WL,None
222,2412D,NA,222,2024-03-22,3,K11,20.03,500.0,4,230.0,2024-03-22 09:35:00,46.3,21.7,29.2,0.09,0.09,,222,2024-03-28,3,0,2024-03-28 07:25:00,500.0,2024-03-28 08:25:00,2024-03-28 08:55:00,NOIR ET OR,BRUN JAUNE,27.5,20.1,28.2,0.09,0.4,,1,222,2024-04-02,4,0.1,30.0,31.0,21.0,,222,2024-04-02,4,0.0,0.0,0.0,2.1,2,,,W10,None
223,2413C,NA,223,2024-03-27,4,K11,20.029,500.0,3,230.0,2024-03-27 07:30:00,29.0,20.0,30.0,0.01,0.3,,223,2024-04-02,4,0,2024-04-02 07:30:00,500.0,2024-04-02 08:30:00,2024-04-02 09:00:00,NOIR,BRUN,32.0,20.0,29.0,0.09,1.0,,1,223,2024-04-03,3,0.1,30.0,40.9,21.6,,223,2024-04-03,3,0.0,0.0,0.0,1.8,3,,,W10,None
224,2413E,NA,224,2024-03-28,3,K11,20.0161,500.0,4,230.0,2024-03-28 08:25:00,27.6,20.1,28.2,0.09,0.4,,224,2024-04-03,3,0,2024-04-03 08:00:00,500.0,2024-04-03 09:00:00,2024-04-03 09:30:00,BCP D'OR - NOIR,BRUN TRES FONCE,41.0,21.5,32.0,0.09,0.09,REMPLI SG - 1 DES TUBES A PLUS DE SEDIMENTS,1,224,2024-04-03,3,0.0,0.0,0.0,0.0,,224,2024-04-03,3,0.0,0.0,0.0,2.84,3,,,,None
225,2413G,NA,225,2024-03-29,4,K11,20.0175,500.0,2,230.0,2024-03-29 07:30:00,42.0,21.0,31.0,20.1,0.3,,225,2024-04-04,4,0,2024-04-04 07:15:00,500.0,2024-04-04 08:15:00,2024-04-04 08:45:00,NOIR ET OR,BRUN FONCE,42.0,20.0,30.0,0.09,0.09,,1,225,2024-04-08,4,0.1,30.0,42.0,23.0,,225,2024-04-08,4,0.0,0.0,0.0,2.8,1,,,,None
226,2414A,NA,226,2024-04-02,4,K11,20.0041,500.0,1,230.0,2024-04-02 07:30:00,32.0,20.0,29.0,0.09,1.0,,226,2024-04-08,4,0,2024-04-08 07:30:00,500.0,2024-04-08 08:30:00,2024-04-08 09:00:00,NOIR,BRUN,41.0,23.0,31.0,0.09,0.09,,1,226,2024-04-08,8,0.0,0.0,0.0,0.0,POUR R&D,226,2024-04-08,8,0.0,0.0,0.0,2.0,1,,,R&D WL,None
227,2414B,NA,227,2024-04-03,3,K11,20.0439,500.0,2,230.0,2024-04-03 08:20:00,41.0,21.5,30.0,0.09,0.09,,227,2024-04-09,3,0,2024-04-09 07:40:00,500.0,2024-04-09 08:45:00,2024-04-09 09:15:00,OR ET NOIR,MARRON ORANGE,30.8,22.2,30.3,0.09,0.09,ERREUR 33 CENTRI,1,227,2024-04-09,3,0.0,0.0,0.0,0.0,,227,2024-04-09,3,0.0,0.0,0.0,1.85,2,,,,None
228,2414C,NA,228,2024-04-04,4,K13,20.0142,500.0,1,230.0,2024-04-04 08:20:00,41.0,20.0,30.0,0.09,0.09,,228,2024-04-10,4,0,2024-04-10 07:30:00,500.0,2024-04-10 08:30:00,2024-04-10 09:00:00,NOIR,BRUN NOIR,31.0,21.0,31.0,0.09,0.09,BATCH NON CENTRI,0,228,2024-04-11,3,0.1,10.0,31.4,22.1,,228,2024-04-11,3,0.0,0.0,0.0,2.5,0,,,W ET EDG,None
229,2414D,NA,229,2024-04-05,3,K13,20.051,500.0,4,230.0,2024-04-05 08:40:00,32.7,23.4,33.0,0.09,0.09,,229,2024-04-11,3,0,2024-04-11 08:20:00,500.0,2024-04-11 09:20:00,2024-04-11 09:50:00,OR ET NOIR,,31.0,21.5,30.2,0.09,0.09,NON CENTRI,0,229,2024-04-15,3,0.1,30.0,38.3,23.0,,229,2024-04-15,3,0.0,0.0,0.0,3.6,1,,,W10,None
230,2415A,NA,230,2024-04-09,3,K13,20.0717,500.0,1,230.0,2024-04-09 08:40:00,30.7,22.2,30.1,0.09,0.09,,230,2024-04-15,3,0,2024-04-15 08:05:00,500.0,2024-04-15 09:05:00,2024-04-15 09:00:00,SEDIM 2 JOURS - NOIR,NON CENTRI,37.9,22.9,33.0,0.09,0.09,,0,230,2024-04-16,3,0.1,30.0,29.7,23.7,,230,2024-04-16,3,0.0,0.0,0.0,5.9,3,,,W10,None
231,2415B,NA,231,2024-04-09,3,K13,20.0385,500.0,2,230.0,2024-04-09 08:40:00,30.7,22.2,30.1,0.09,0.09,,231,2024-04-15,3,0,2024-04-15 08:05:00,500.0,2024-04-15 09:05:00,2024-04-15 09:00:00,SEDIM 24H,NON CENTRI,37.9,22.8,33.0,0.09,0.09,,0,231,2024-04-16,3,0.1,30.0,29.8,23.7,,231,2024-04-16,3,0.0,0.0,0.0,5.7,3,,,W10,None
232,2415C,NA,232,2024-04-10,4,K13,20.005,500.0,3,230.0,2024-04-10 07:30:00,31.0,22.0,31.0,0.09,0.09,,232,2024-04-16,3,0,2024-04-16 08:20:00,500.0,2024-04-16 09:20:00,2024-04-16 09:50:00,NOIR,,29.9,23.7,33.0,0.09,0.2,CENTRI HORS BAG LE LENDEMAIN,3,232,2024-04-17,3,0.1,30.0,28.1,22.7,,232,2024-04-17,3,0.0,0.0,0.0,2.6,1,,,APPLI,None
233,2415D,NA,233,2024-04-10,4,K13,20.0885,500.0,4,230.0,2024-04-10 07:30:00,31.0,20.0,31.0,0.09,0.09,,233,2024-04-16,3,0,2024-04-16 08:20:00,500.0,2024-04-16 09:20:00,2024-04-16 09:50:00,NOIR,,29.8,23.8,33.0,0.09,0.09,CENTRI HORS BaG,3,233,2024-04-16,8,0.0,0.0,0.0,0.0,FOR R&D WITH WEMBO LI,233,2024-04-17,8,0.0,0.0,0.0,2.2,1,,,R&D WL,None
234,2315E,NA,234,2024-04-12,4,K14,20.073,500.0,2,230.0,2024-04-12 08:30:00,39.0,23.0,32.0,0.09,0.09,,234,2024-04-18,3,0,2024-04-18 08:10:00,500.0,2024-04-18 09:10:00,2024-04-18 09:45:00,OR ET NOIR,,25.6,21.6,29.9,0.09,0.09,CENTRI HORS BaG - AJOUT BATCH 2415F POUR EQUILIBRER CENTRI,3,234,2024-04-19,3,0.1,30.0,24.2,20.1,,234,2024-04-19,3,0.0,0.0,0.0,2.7,0,,,W10,None
235,2415F,NA,235,2024-04-12,4,K14,20.0034,500.0,2,230.0,2024-04-12 08:30:00,39.0,23.0,31.0,0.09,0.09,,235,2024-04-18,3,0,2024-04-18 08:10:00,500.0,2024-04-18 09:10:00,2024-04-18 09:45:00,OR ET NOIR,,25.6,21.6,29.9,0.09,0.09,CENTRI HORS BaG LE LENDEMAIN,3,235,2024-04-19,3,0.1,30.0,24.2,20.1,,235,2024-04-19,3,0.0,0.0,0.0,3.1,1,,,W10,None
236,2415G,NA,236,2024-04-12,4,K14,20.0427,500.0,3,230.0,2024-04-12 08:30:00,39.0,23.0,32.0,0.09,0.09,,236,2024-04-18,3,0,2024-04-18 08:15:00,500.0,2024-04-18 09:30:00,2024-04-18 10:10:00,NOIR ET OR,,25.6,21.5,29.9,0.09,0.09,CENTRI HORS BaG,3,236,2024-04-22,1,0.1,30.0,0.0,0.0,,236,2024-04-22,1,0.0,0.0,0.0,2.5,1,,,,None
237,2415H,NA,237,2024-04-12,4,K14,20.0242,500.0,4,230.0,2024-04-12 10:30:00,39.0,23.0,31.0,0.09,0.09,,237,2024-04-18,3,0,2024-04-18 08:15:00,500.0,2024-04-18 09:30:00,2024-04-18 10:20:00,,,25.0,20.9,29.9,0.09,0.09,CENTRI HORS BaG - SEDIEMENT IMPORTANT,3,237,2024-04-22,1,0.1,30.0,0.0,0.0,,237,2024-04-22,1,0.0,0.0,0.0,2.7,1,,,,None
239,2416B,NA,239,2024-04-16,3,K14,20.0546,500.0,1,250.0,2024-04-16 09:50:00,29.8,23.8,32.5,0.09,0.2,,239,2024-04-22,3,0,2024-04-22 08:50:00,500.0,2024-04-22 10:20:00,2024-04-22 11:00:00,NOIR,,22.0,19.7,29.7,0.09,0.3,,0,239,2024-04-25,1,0.1,30.0,22.0,14.0,,239,2024-04-25,1,0.0,0.0,0.0,2.8,0,,,W3,None
242,2416E,NA,242,2024-04-18,3,K15,20.0022,500.0,1,230.0,2024-04-18 09:45:00,25.4,21.4,29.7,0.09,0.09,,242,2024-04-24,3,0,2024-04-24 08:40:00,500.0,2024-04-24 09:45:00,2024-04-24 10:15:00,NOIR,,25.9,18.4,27.0,0.09,0.2,,3,242,2024-04-24,1,0.1,30.0,35.3,19.0,,242,2024-04-24,1,0.0,0.0,0.0,3.0,1,,,W,None
243,2416F,NA,243,2024-04-18,3,K15,20.0371,500.0,2,230.0,2024-04-18 09:45:00,25.4,21.4,29.7,0.09,0.09,,243,2024-04-24,3,0,2024-04-24 08:40:00,500.0,2024-04-24 09:55:00,2024-04-24 10:25:00,NOIR,,25.9,18.4,27.0,0.09,0.2,TL 1L BaG,3,243,2024-04-25,8,0.06,63.0,0.0,0.0,,243,2024-05-24,8,0.0,0.0,0.0,3.7,1,,,R&D WL,None
244,2416G,NA,244,2024-04-18,3,K15,20.0241,500.0,3,230.0,2024-04-18 09:45:00,25.4,21.4,29.7,0.09,0.09,,244,2024-04-24,3,0,2024-04-24 08:45:00,500.0,2024-04-24 09:55:00,2024-04-24 10:25:00,NOIR,,25.9,18.4,27.0,0.09,0.09,BTL EN BAG ,3,244,2024-04-29,4,0.1,30.0,45.4,18.7,,244,2024-04-29,3,0.0,0.0,0.0,2.7,0,,,EPOF,None
245,2416H,NA,245,2024-04-18,3,K15,20.007,500.0,4,230.0,2024-04-18 09:45:00,25.4,21.4,29.7,0.09,0.09,,245,2024-04-24,3,0,2024-04-24 08:45:00,500.0,2024-04-24 09:55:00,2024-04-24 10:25:00,NOIR,,25.9,18.4,27.0,0.09,0.09,BTL EN BAG,3,245,2024-04-29,4,0.1,30.0,45.4,18.7,,245,2024-04-29,3,0.0,0.0,0.0,1.7,1,,,EPOF,None
246,2417A,NA,246,2024-04-23,3,K15,20.016,500.0,1,230.0,2024-04-23 08:50:00,22.3,18.3,27.1,0.09,0.3,,246,2024-04-29,4,0,2024-04-29 07:45:00,500.0,2024-04-29 08:45:00,2024-04-29 09:15:00,,49,49.0,17.0,29.0,0.09,0.5,,0,246,2024-04-29,4,0.0,0.0,0.0,0.0,,246,2024-04-29,4,0.0,0.0,0.0,3.7,1,,,LB LC ,None
247,2417B,NA,247,2024-04-23,3,K15,20.0297,500.0,2,230.0,2024-04-23 08:50:00,22.3,18.3,27.1,0.09,0.3,PLAQUE COMPLEXE AU DEMARAGE,247,2024-04-29,4,0,2024-04-29 07:45:00,500.0,2024-04-29 08:45:00,2024-04-29 09:15:00,,,44.0,17.0,29.0,0.09,0.5,,3,247,2024-04-29,4,0.0,0.0,0.0,0.0,,247,2024-04-29,1,0.0,0.0,0.0,3.5,1,,,,None
248,2417C,NA,248,2024-04-23,3,K15,20.0096,500.0,3,230.0,2024-04-23 08:50:00,22.3,18.3,27.1,0.09,0.3,PLAQUE COMPLEXE AU DEMARAGE,248,2024-04-29,4,0,2024-04-29 07:45:00,500.0,2024-04-29 08:45:00,2024-04-29 09:15:00,,,44.0,17.0,29.0,0.09,0.5,,3,248,2024-04-29,4,0.0,0.0,0.0,0.0,,248,2024-04-29,4,0.0,0.0,0.0,3.1,1,,,,None
249,2417D,NA,249,2024-04-23,3,K17,20.0298,500.0,4,230.0,2024-04-23 08:50:00,22.3,18.3,27.1,0.09,0.3,PLAQUE COMPLEXE AU DEMARAGE,249,2024-04-29,4,0,2024-04-29 07:45:00,500.0,2024-04-29 08:45:00,2024-04-29 09:15:00,,,44.0,17.0,29.0,0.09,0.5,,3,249,2024-04-29,4,0.0,0.0,0.0,0.0,,249,2024-04-29,4,0.0,0.0,0.0,2.9,1,,,,None
250,2417E,NA,250,2024-04-24,3,K17,20.0122,500.0,1,230.0,2024-04-24 11:30:00,32.9,18.8,28.0,0.09,0.4,,250,2024-04-30,3,0,2024-04-30 09:10:00,500.0,2024-04-30 10:10:00,2024-04-30 10:40:00,NOIR ET OR,,40.6,19.2,27.1,0.09,0.09,TL 1L ENV 850ML,3,250,2024-05-02,4,0.1,30.0,47.0,19.0,,250,2024-05-02,4,0.0,0.0,0.0,2.7,1,,,EPOF,None
251,2417F,NA,251,2024-04-24,3,K17,20.0282,500.0,2,230.0,2024-04-24 11:30:00,32.9,18.8,28.0,0.09,0.4,,251,2024-04-30,3,0,2024-04-30 09:10:00,500.0,2024-04-30 10:12:00,2024-04-30 10:45:00,NOIR ET OR,,40.6,19.2,27.1,0.09,0.09,BTL 1L ENV 850ML,3,251,2024-05-02,4,0.1,30.0,49.0,19.0,,251,2024-05-02,4,0.0,0.0,0.0,1.9,1,,,EPOF,None
252,2417G,NA,252,2024-04-24,3,K17,20.0029,500.0,3,230.0,2024-04-24 11:30:00,32.9,18.8,28.0,0.09,0.4,,252,2024-04-30,3,0,2024-04-30 09:15:00,500.0,2024-04-30 10:15:00,2024-04-30 10:45:00,NOIR ET OR,,40.6,19.2,27.1,0.09,0.09,BTL 1L ENV 900ML,3,252,2024-05-07,4,0.1,30.0,49.0,20.0,,252,2024-05-07,4,0.0,0.0,0.0,2.1,1,,,W3,None
256,2418A,NA,256,2024-04-30,3,K17,20.0355,500.0,1,230.0,2024-04-30 08:40:00,40.6,19.2,27.1,0.09,0.09,,256,2024-05-06,4,0,2024-05-06 07:45:00,500.0,2024-05-06 08:45:00,2024-05-06 09:15:00,NOIR,,49.0,20.0,26.0,0.09,0.09,,0,256,2024-05-07,4,0.1,30.0,40.0,19.0,FUITE TUBE CENTRI,256,2024-05-07,4,0.0,0.0,0.0,2.7,3,,,W2,None
257,2418B,NA,257,2024-04-30,3,K17,10.0014,500.0,2,230.0,2024-04-30 08:40:00,40.6,19.2,27.1,0.09,0.09,,257,2024-05-06,4,0,2024-05-06 07:45:00,500.0,2024-05-06 08:45:00,2024-05-06 09:15:00,NOIR,,49.0,19.0,26.0,0.09,0.09,,0,257,2024-05-14,4,0.1,30.0,40.0,20.0,,257,2024-05-16,4,0.0,0.0,0.0,3.8,1,,,EPOF,None
258,2418C,NA,258,2024-04-30,3,K17+13,20.9318,500.0,3,230.0,2024-04-30 08:40:00,40.6,19.2,27.1,0.09,0.09,,258,2024-05-06,4,0,2024-05-06 07:45:00,500.0,2024-05-06 08:45:00,2024-05-06 09:15:00,NOIR,,49.0,20.0,26.0,0.09,0.09,CENTRI EN BAG,3,258,2024-05-16,4,0.1,30.0,40.0,21.0,,258,2024-05-16,4,0.0,0.0,0.0,2.6,1,,,EPOF,None
259,2418D,NA,259,2024-04-30,3,K17,20.0282,500.0,4,230.0,2024-04-30 08:40:00,40.6,19.2,27.1,0.09,0.09,KF A 25 PPM,259,2024-05-06,4,0,2024-05-06 07:45:00,500.0,2024-05-06 08:45:00,2024-05-06 09:15:00,NOIR,,49.0,20.0,26.0,0.09,0.09,,3,259,2024-05-21,3,0.1,30.0,52.2,20.8,,259,2024-05-21,3,0.0,0.0,0.0,2.7,1,,,EPOF,None
260,2419A,NA,260,2024-05-10,4,K18A,20.0525,500.0,7,230.0,2024-05-10 08:00:00,49.0,19.0,27.0,0.09,0.09,COMPARAISON AVEC 2419B POUR KC8 NON NETTOYE,260,2024-05-16,4,0,2024-05-16 08:00:00,500.0,2024-05-16 09:00:00,2024-05-16 09:30:00,NOIR,,39.0,21.0,27.0,0.09,0.09,,3,260,2024-05-21,3,0.1,30.0,52.3,20.8,DANS 2 TUBES,260,2024-05-21,3,0.0,0.0,0.0,2.3,1,,,EPOF,None
261,2419B,NA,261,2024-05-10,4,K18B,20.0105,500.0,8,230.0,2024-05-10 08:00:00,40.0,19.0,27.0,0.09,0.09,,261,2024-05-16,4,0,2024-05-16 08:00:00,500.0,2024-05-16 09:00:00,2024-05-16 09:30:00,NOIR,,40.0,21.0,27.0,0.09,0.09,,3,261,2024-05-21,4,0.1,30.0,49.0,21.0,,261,2024-05-21,4,0.0,0.0,0.0,1.7,1,,,EPOF,None
262,2420A,NA,262,2024-05-16,4,K18A,20.0718,500.0,1,230.0,2024-05-16 08:00:00,40.0,21.0,27.0,0.09,0.09,,262,2024-05-21,4,0,2024-05-21 08:00:00,500.0,2024-05-21 09:00:00,2024-05-21 09:30:00,NOIR ET OR,,48.0,20.0,27.0,0.09,0.09,BAG JUSQUA 2605- CENTRI HORS BAG,3,262,2024-05-23,3,0.1,30.0,45.7,21.0,,262,2024-05-24,3,0.0,0.0,0.0,4.5,1,,,LBF,None
263,2420B,NA,263,2024-05-17,3,K17,20.0501,500.0,2,230.0,2024-05-17 08:15:00,41.1,20.7,28.0,0.09,0.09,,263,2024-05-23,3,0,2024-05-23 07:30:00,500.0,2024-05-23 08:30:00,2024-05-23 09:00:00,NOIR ET BCP D'OR,SYSTEME POMPAGE BAG OK,46.1,20.7,28.2,0.09,0.09,,3,263,2024-05-27,4,0.1,30.0,43.0,21.0,,263,2024-05-27,4,0.0,0.0,0.0,2.7,0,,,LBF,None
265,2421B,NA,265,2024-05-22,4,K18A,20.0162,500.0,4,230.0,2024-05-22 08:00:00,40.0,20.0,27.0,0.09,0.09,,265,2024-05-28,3,0,2024-05-28 08:10:00,500.0,2024-05-28 09:10:00,2024-05-28 09:40:00,,,37.4,21.1,29.4,0.01,0.01,,3,265,2024-05-28,3,0.1,30.0,38.9,22.5,,265,2024-05-28,3,0.0,0.0,0.0,4.2,3,,,W,None
266,2421C,NA,266,2024-05-23,3,K18,20.0129,500.0,1,230.0,2024-05-23 07:30:00,46.0,20.8,28.2,0.09,0.09,,266,2024-05-29,4,0,2024-05-29 08:00:00,500.0,2024-05-29 09:00:00,2024-05-29 09:00:00,SEDIM 24 H,,41.0,23.0,28.0,0.09,0.09,NON CENTRI POUR W3,0,266,2024-05-30,3,0.1,30.0,44.8,23.5,,266,2024-05-30,3,0.0,0.0,0.0,6.1,3,NON CNETRI,,W,None
267,2421D,NA,267,2024-05-24,4,K18A,10.0,500.0,2,230.0,2024-05-24 08:00:00,40.0,21.0,27.0,0.09,0.09,,267,2024-05-30,3,0,2024-05-30 08:00:00,500.0,2024-05-30 09:00:00,2024-05-30 10:30:00,NOIR ET OR,,36.0,23.0,31.0,0.09,0.09,KEG FINI LA VEILLE,3,267,2024-05-30,3,0.1,15.0,44.7,23.5,,267,2024-05-30,3,0.0,0.0,0.0,2.0,1,,,,None
268,2422A,NA,268,2024-05-28,3,K17,20.0,500.0,3,230.0,2024-05-28 09:20:00,39.4,21.5,29.7,0.09,0.09,MASSE PESE PAS EXACTE,268,2024-06-03,3,0,2024-06-03 07:30:00,500.0,2024-06-03 08:40:00,2024-06-03 09:10:00,NOIR ET OR,,44.2,21.4,30.2,0.09,0.3,,3,268,2024-06-04,3,0.1,30.0,41.1,23.1,,268,2024-06-04,3,0.0,0.0,0.0,2.5,2,,,W3,None
269,2422B,NA,269,2024-05-28,3,K17B,20.0,500.0,4,230.0,2024-05-28 09:20:00,39.4,21.5,29.7,0.09,0.09,,269,2024-06-03,3,0,2024-06-03 07:35:00,500.0,2024-06-03 08:40:00,2024-06-03 09:10:00,NOIR ET OR,,44.2,21.4,30.2,0.09,0.3,,3,269,2024-06-04,3,0.1,30.0,41.2,23.1,,269,2024-06-04,3,0.0,0.0,0.0,2.2,3,,,W3,None
270,2422C,NA,270,2024-05-28,3,K18B,20.071,500.0,1,230.0,2024-05-28 09:20:00,39.4,21.5,29.7,0.09,0.09,,270,2024-06-03,3,0,2024-06-03 07:38:00,500.0,2024-06-03 08:40:00,2024-06-03 09:10:00,NOIR ET OR,,44.2,21.4,30.2,0.09,0.3,ERREUR CENTRI,0,270,2024-06-05,3,0.1,30.0,43.2,23.2,,270,2024-06-05,3,0.0,0.0,0.0,3.5,2,,,EPOF,None
271,2422D,NA,271,2024-05-28,3,K18B,20.0175,500.0,2,230.0,2024-05-28 09:20:00,39.4,21.5,29.7,0.09,0.09,,271,2024-06-03,3,0,2024-06-03 07:40:00,500.0,2024-06-03 08:40:00,2024-06-03 09:20:00,NOIR ET OR,,44.2,21.4,30.2,0.09,0.3,ERREUR CENTRI,3,271,2024-06-05,3,0.1,30.0,40.6,24.0,,271,2024-06-05,3,0.0,0.0,0.0,2.4,1,,,EPOF,None
272,2422E,NA,272,2024-05-30,3,K18B,20.0261,500.0,1,230.0,2024-05-30 09:25:00,46.4,23.0,31.0,0.09,0.4,THF PRELEVE LA VEILLE,272,2024-06-05,4,0,2024-06-05 07:30:00,500.0,2024-06-05 08:30:00,2024-06-05 09:00:00,NOIR OR,,42.0,22.0,30.0,0.09,0.5,,3,272,2024-06-06,4,0.1,30.0,41.0,23.0,,272,2024-06-06,4,0.0,0.0,0.0,3.5,3,,,W3,None
273,2422F,NA,273,2024-05-30,3,K21,20.0419,500.0,2,230.0,2024-05-30 09:25:00,46.4,23.0,31.0,0.09,0.4,THF PRELEV LA VEILLE,273,2024-05-06,4,0,2024-05-06 07:30:00,500.0,2024-05-06 08:30:00,2024-05-06 09:00:00,NOIR OR,,42.0,22.0,30.0,0.09,0.5,,3,273,2024-06-06,4,0.1,0.0,43.0,23.0,,273,2024-06-06,4,0.0,0.0,0.0,2.7,2,,,R&D WL,None
274,2422G,NA,274,2024-05-30,3,K21,20.107,500.0,3,230.0,2024-05-30 09:25:00,46.4,23.0,31.0,0.09,0.4,THF PRELEVE LA VEILLE,274,2024-06-05,4,0,2024-06-05 07:30:00,500.0,2024-06-05 08:30:00,2024-06-05 09:00:00,NOIR OR,,42.0,22.0,30.0,0.09,0.5,,3,274,2021-06-10,4,0.1,30.0,45.0,24.0,,274,2024-06-10,4,0.0,0.0,0.0,2.5,1,,,LBF,None
289,2423A,na,289,2024-06-04,4,K21,20.034,500.0,1,230.0,2024-06-04 08:00:00,41.0,22.0,30.0,0.09,0.4,,289,2024-06-10,4,0,2024-06-10 08:00:00,500.0,2024-06-10 09:00:00,2024-06-10 09:30:00,noir,,42.0,23.0,30.0,0.09,0.7,,1,289,2024-06-11,4,0.1,30.0,40.0,24.0,,289,2024-06-11,4,0.0,0.0,0.0,0.7,1,,,TB,None
293,2423E,na,293,2024-06-06,3,K21,20.003,500.0,1,230.0,2024-06-06 09:25:00,41.3,24.0,32.0,0.09,0.7,,293,2024-06-12,3,0,2024-06-12 07:35:00,500.0,2024-06-12 08:35:00,2024-06-12 08:35:00,,,32.0,23.0,32.0,0.09,0.09,24h sedim non centrif,0,293,2024-06-13,3,0.1,30.0,34.0,23.0,,293,2024-06-13,3,0.0,0.0,0.0,5.7,3,,,W3 NC,None
294,2423F,na,294,2024-06-06,3,K21,20.0922,500.0,2,230.0,2024-06-06 09:25:00,41.3,24.0,32.0,0.09,0.7,,294,2024-06-12,3,0,2024-06-12 07:35:00,500.0,2024-06-12 08:35:00,2024-06-12 08:35:00,,,31.6,23.2,32.0,0.09,0.09,"24h sedimentation, noin centrifuge",0,294,2024-06-13,3,0.1,30.0,33.9,22.5,,294,2024-06-13,3,0.0,0.0,0.0,5.2,1,,,W3 NC,None
295,2423G,na,295,2024-06-06,3,K21,20.05,500.0,3,230.0,2024-06-06 09:25:00,41.3,24.0,32.0,0.09,0.7,,295,2024-06-12,3,0,2024-06-12 07:35:00,500.0,2024-06-12 08:35:00,2024-06-12 08:35:00,,,31.6,23.2,32.0,0.09,0.09,"24h sedimentation, non centrif",0,295,2024-06-13,3,0.1,30.0,33.9,22.8,,295,2027-06-13,3,0.0,0.0,0.0,5.7,3,,,"W3 NC , 2eme batch tres mauvaise qualite",None
296,2423H,na,296,2024-06-06,3,K21,20.1554,500.0,4,230.0,2024-06-06 09:25:00,41.3,24.0,32.0,0.09,0.7,,296,2024-06-12,3,0,2024-06-12 07:35:00,500.0,2024-06-12 08:35:00,2024-06-12 08:35:00,,,31.6,23.2,32.0,0.09,0.09,"24h sedimentation, non centrif",0,296,2024-06-13,3,0.1,30.0,33.9,22.8,,296,2024-06-13,3,0.0,0.0,0.0,5.6,3,,,W3 NC,None
298,2424A,na,298,2024-06-11,3,K21,20.0924,500.0,1,230.0,2024-06-11 08:05:00,40.3,23.5,32.0,0.09,0.09,,298,2024-06-17,3,0,2024-06-17 07:40:00,500.0,2024-06-17 08:40:00,2024-06-17 09:10:00,,,71.0,20.5,29.4,0.09,0.09,,1,298,2024-06-17,3,0.2,30.0,57.0,24.0,,298,2024-06-17,3,0.0,0.0,0.0,4.3,3,0,0,W3NC,None
299,2424B,na,299,2024-06-11,3,K21,20.03,500.0,2,230.0,2024-06-11 08:05:00,40.3,23.5,32.0,0.09,0.09,,299,2024-06-17,3,0,2024-06-17 07:44:00,500.0,2024-06-17 08:50:00,2024-06-18 09:10:00,,,71.0,20.5,29.4,0.09,0.09,"24h sedimentation, non centrif",0,299,2024-06-18,3,0.1,30.0,57.0,24.0,,299,2024-06-18,3,0.0,0.0,0.0,6.5,3,0,0,W10NC,None
300,2424C,na,300,2024-06-11,3,K21,20.089,500.0,3,230.0,2024-06-11 08:05:00,40.3,23.5,32.0,0.09,0.09,,300,2024-06-17,3,0,2024-06-17 07:48:00,500.0,2024-06-17 08:50:00,2024-06-18 09:10:00,,,71.0,20.5,29.4,0.09,0.09,"24h sedimentation, non centrif",0,300,2024-06-18,3,0.1,30.0,57.0,24.0,,300,2024-06-18,3,0.0,0.0,0.0,7.1,3,0,0,W10NC,None
301,2424D,na,301,2024-06-11,3,K21,20.1056,500.0,4,230.0,2024-06-11 08:05:00,40.3,23.5,32.0,0.09,0.09,,301,2024-06-17,3,0,2024-06-17 07:52:00,500.0,2024-06-17 08:50:00,2024-06-18 09:10:00,,,71.0,20.5,29.4,0.09,0.09,"24h sedimentation, non centrif",0,301,2024-06-18,3,0.1,30.0,57.0,24.0,,301,2024-06-18,3,0.0,0.0,0.0,6.9,3,0,0,W10NC,None
308,2425C,na,308,2024-06-20,4,K24,20.018,500.0,3,230.0,2024-06-20 08:30:00,56.0,22.0,30.0,0.09,0.09,,308,2024-06-26,3,0,2024-06-26 08:05:00,500.0,2024-06-26 09:10:00,2024-06-26 09:40:00,noir,,60.0,25.0,33.0,0.09,0.5,,0,308,2024-06-27,8,0.1,30.0,58.0,22.0,,308,2024-06-27,3,0.0,0.0,0.0,2.2,2,0,0,epor / poubelle,None
309,2425D,na,309,2024-06-20,4,K24,20.0259,500.0,4,230.0,2024-06-20 08:30:00,56.0,22.0,30.0,0.09,0.09,,309,2024-06-26,3,0,2024-06-26 08:14:00,500.0,2024-06-26 09:15:00,2024-06-26 09:45:00,noir,,60.0,25.0,33.0,0.09,0.5,,0,309,2024-06-27,8,0.1,30.0,58.0,22.0,,309,2024-06-27,3,0.0,0.0,0.0,2.2,2,0,0,epof poubelle,None
310,2425E,na,310,2024-06-20,4,K24,20.0668,500.0,5,230.0,2024-06-20 08:30:00,58.0,20.0,30.0,0.09,0.09,,310,2024-06-26,3,0,2024-06-26 08:07:00,500.0,2024-06-26 09:10:00,2024-06-26 09:40:00,noir,,60.0,25.0,33.0,0.09,0.5,,1,310,2024-06-28,3,0.1,30.0,50.0,25.0,,310,2028-06-28,3,0.0,0.0,0.0,2.2,1,0,0,epof,None
311,2425F,na,311,2024-06-20,4,K24,20.0011,500.0,6,230.0,2024-06-20 08:30:00,58.0,22.0,30.0,0.09,0.09,,311,2024-06-26,3,0,2024-06-26 08:11:00,500.0,2024-06-26 09:15:00,2024-06-26 09:45:00,noir,,60.0,25.0,33.0,0.09,0.5,,1,311,2024-06-28,3,0.1,30.0,50.0,25.0,,311,2028-06-28,3,0.0,0.0,0.0,2.2,1,0,0,epof,None
312,2426A,na,312,2024-06-25,4,K24,20.0638,500.0,5,230.0,2025-06-20 08:30:00,59.0,24.0,32.0,0.09,0.3,,312,2024-07-01,4,0,2024-07-01 07:30:00,500.0,2024-07-01 08:30:00,2024-07-01 09:00:00,,,52.0,22.0,28.0,0.09,0.09,,1,312,2024-07-04,4,0.1,30.0,52.0,22.0,,312,2024-07-04,4,0.0,0.0,0.0,1.8,1,0,0,appli,None
313,2426B,na,313,2024-06-25,4,K24,20.0386,500.0,6,230.0,2025-06-20 08:30:00,59.0,24.0,32.0,0.09,0.3,,313,2024-07-01,4,0,2024-07-01 07:30:00,500.0,2024-07-01 08:30:00,2024-07-02 08:30:00,,,60.0,25.0,33.0,0.09,0.5,pas de centrif,0,313,2024-07-04,4,0.1,30.0,52.0,22.0,,313,2024-07-04,4,0.0,0.0,0.0,5.7,2,0,0,W10NC,None
314,2426C,na,314,2024-06-25,4,K24,20.0638,500.0,7,230.0,2025-06-20 08:30:00,59.0,24.0,32.0,0.09,0.3,,314,2024-07-01,4,0,2024-07-01 07:30:00,500.0,2024-07-01 08:30:00,2024-07-02 08:30:00,,,60.0,25.0,33.0,0.09,0.5,pas de centrif,0,314,2024-07-04,4,0.1,30.0,52.0,22.0,,314,2024-07-04,4,0.0,0.0,0.0,5.2,2,0,0,W10NC,None
315,2426D,na,315,2024-06-25,4,K24,20.0356,500.0,8,230.0,2025-06-20 08:30:00,59.0,24.0,32.0,0.09,0.3,,315,2024-07-01,4,0,2024-07-01 07:30:00,500.0,2024-07-01 08:30:00,2024-07-02 08:30:00,,,60.0,25.0,33.0,0.09,0.5,pas de centrif,0,315,2024-07-04,4,0.1,30.0,52.0,22.0,,315,2024-07-04,4,0.0,0.0,0.0,4.9,2,0,0,W10NC,None
316,2426E,na,316,2024-06-27,3,K24,20.0568,500.0,5,230.0,2024-06-27 08:50:00,51.7,27.8,35.0,0.09,0.09,,316,2024-07-03,3,0,2024-07-03 07:30:00,500.0,2024-07-03 08:30:00,2024-07-04 08:30:00,,,44.7,22.7,30.7,0.09,0.09,pas de centrif,0,316,2024-07-04,3,0.1,30.0,60.4,22.4,,316,2024-07-04,4,0.0,0.0,0.0,5.5,2,0,0,W10NC,None
317,2426F,na,317,2024-06-27,3,K24,20.0204,500.0,6,230.0,2024-06-27 08:50:00,51.7,27.8,35.0,0.09,0.09,,317,2024-07-03,3,0,2024-07-03 07:30:00,500.0,2024-07-03 08:30:00,2024-07-04 08:30:00,,,44.7,22.7,30.7,0.09,0.09,pas de centrif,0,317,2024-07-04,3,0.1,30.0,60.4,22.4,,317,2024-07-04,4,0.0,0.0,0.0,5.1,1,0,0,W10NC,None
318,2426G,na,318,2024-06-27,3,K24,20.0592,500.0,7,230.0,2024-06-27 08:50:00,51.7,27.8,35.0,0.09,0.09,,318,2024-07-03,3,0,2024-07-03 07:30:00,500.0,2024-07-03 08:30:00,2024-07-04 08:30:00,,,44.7,22.7,30.7,0.09,0.09,pas de centrif,0,318,2024-07-04,3,0.1,30.0,60.4,22.4,,318,2024-07-04,4,0.0,0.0,0.0,5.7,2,0,0,W10NC,None
319,2426H,na,319,2024-06-27,3,K24,20.0126,500.0,8,230.0,2024-06-27 08:50:00,51.7,27.8,35.0,0.09,0.09,,319,2024-07-03,3,0,2024-07-03 07:30:00,500.0,2024-07-03 08:30:00,2024-07-04 08:30:00,,,44.7,22.7,30.7,0.09,0.09,pas de centrif,0,319,2024-07-04,3,0.1,30.0,60.4,22.4,,319,2024-07-04,4,0.0,0.0,0.0,5.8,2,0,0,W10NC,None
320,2427A,na,320,2024-07-02,3,K24,20.0815,500.0,1,230.0,2024-07-02 11:55:00,43.9,24.3,32.0,0.09,0.09,,320,2024-07-08,4,0,2024-07-08 08:15:00,500.0,2024-07-08 09:15:00,2024-07-08 09:45:00,,,43.0,21.0,26.0,0.09,0.09,,1,320,2024-07-08,4,0.1,30.0,42.0,21.0,,320,2024-07-08,4,0.0,0.0,0.0,1.8,1,0,0,appli,None
321,2427B,na,321,2024-07-02,3,K24,20.0159,500.0,2,230.0,2024-07-02 11:55:00,43.9,24.3,32.0,0.09,0.09,,321,2024-07-08,4,0,2024-07-08 08:15:00,500.0,2024-07-08 09:15:00,2024-07-09 09:15:00,,,43.0,21.0,26.0,0.09,0.09,pas de centrif,0,321,2024-07-09,4,0.1,30.0,42.0,21.0,,321,2024-07-09,4,0.0,0.0,0.0,7.2,3,0,0,prod,None
322,2427C,na,322,2024-07-02,3,K24,20.0425,500.0,3,230.0,2024-07-02 11:55:00,43.9,24.3,32.0,0.09,0.09,,322,2024-07-08,4,0,2024-07-08 08:15:00,500.0,2024-07-08 09:15:00,2024-07-09 09:15:00,,,43.0,21.0,26.0,0.09,0.09,pas de centrif,0,322,2024-07-09,4,0.1,30.0,42.0,21.0,,322,2024-07-09,4,0.0,0.0,0.0,9.7,3,0,0,prod,None
323,2427D,na,323,2024-07-02,3,K24,20.032,500.0,4,230.0,2024-07-02 11:55:00,43.9,24.3,32.0,0.09,0.09,,323,2024-07-08,4,0,2024-07-08 08:15:00,500.0,2024-07-08 09:15:00,2024-07-09 09:15:00,,,43.0,21.0,26.0,0.09,0.09,pas de centrif,0,323,2024-07-09,4,0.1,30.0,42.0,21.0,,323,2024-07-09,4,0.0,0.0,0.0,8.9,3,0,0,prod,None
324,2427E,na,324,2024-07-03,3,K26,20.0469,500.0,5,230.0,2024-07-03 09:00:00,45.8,22.5,31.0,0.09,0.5,,324,2024-07-09,4,0,2024-07-09 08:10:00,500.0,2024-07-09 09:10:00,2024-07-11 09:40:00,,,60.0,25.0,31.0,0.09,0.2,batch sedim48h,1,324,2024-07-11,3,0.1,30.0,60.0,25.0,,324,2024-07-11,3,0.0,0.0,0.0,2.2,2,0,0,W3,None
325,2427F,na,325,2024-07-03,3,K26,20.0259,500.0,6,230.0,2024-07-03 09:00:00,45.8,22.5,31.0,0.09,0.5,,325,2024-07-09,4,0,2024-07-09 08:10:00,500.0,2024-07-09 09:10:00,2024-07-11 09:40:00,,,60.0,25.0,31.0,0.09,0.2,batch sedim48h,1,325,2024-07-11,3,0.1,30.0,60.0,25.0,,325,2024-07-11,3,0.0,0.0,0.0,1.5,1,0,0,W3,None
326,2427G,na,326,2024-07-03,3,K26,20.0675,500.0,7,230.0,2024-07-03 09:00:00,45.8,22.5,31.0,0.09,0.5,,326,2024-07-09,4,0,2024-07-09 08:10:00,500.0,2024-07-09 09:10:00,2024-07-11 09:40:00,,,60.0,25.0,31.0,0.09,0.2,batch sedim48h,1,326,2024-07-11,3,0.1,30.0,60.0,25.0,,326,2024-07-11,3,0.0,0.0,0.0,1.2,1,0,0,W3,None
327,2427H,na,327,2024-07-03,3,K26,20.0045,500.0,8,230.0,2024-07-03 09:00:00,45.8,22.5,31.0,0.09,0.5,,327,2024-07-09,4,0,2024-07-09 08:10:00,500.0,2024-07-09 09:10:00,2024-07-11 09:40:00,,,60.0,25.0,31.0,0.09,0.2,batch sedim48h,1,327,2024-07-11,3,0.1,30.0,60.0,25.0,,327,2024-07-11,3,0.0,0.0,0.0,2.1,2,0,0,W3,None
328,2428A,na,328,2024-07-11,3,K26,20.0055,500.0,5,230.0,2024-07-11 09:20:00,60.0,25.0,31.0,0.09,0.2,THF 16.2,328,2024-07-17,4,0,2024-07-17 08:00:00,500.0,2024-07-17 09:00:00,2024-07-17 09:30:00,,,50.0,22.0,29.0,0.09,0.4,,1,328,2024-07-18,4,0.1,30.0,54.0,25.0,,328,2024-07-18,4,0.0,0.0,0.0,2.6,3,0,0,prod,None
329,2428B,na,329,2024-07-11,3,K26,20.0293,500.0,6,230.0,2024-07-11 09:20:00,60.0,25.0,31.0,0.09,0.2,THF 16.2,329,2024-07-17,4,0,2024-07-17 08:00:00,500.0,2024-07-17 09:00:00,2024-07-17 09:30:00,,,50.0,22.0,29.0,0.09,0.4,,1,329,2024-07-18,4,0.1,30.0,54.0,25.0,,329,2024-07-18,4,0.0,0.0,0.0,2.2,3,0,0,prod,None
330,2428C,na,330,2024-07-11,3,K26,20.0492,500.0,7,230.0,2024-07-11 09:20:00,60.0,25.0,31.0,0.09,0.2,THF 16.2,330,2024-07-17,4,0,2024-07-17 08:00:00,500.0,2024-07-17 09:00:00,2024-07-17 09:30:00,,,50.0,22.0,29.0,0.09,0.4,,1,330,2024-07-18,4,0.1,30.0,54.0,25.0,,330,2024-07-18,4,0.0,0.0,0.0,2.5,3,0,0,prod,None
331,2428D,na,331,2024-07-11,3,K26,20.0528,500.0,8,230.0,2024-07-11 09:20:00,60.0,25.0,31.0,0.09,0.2,THF 16.2,331,2024-07-17,4,0,2024-07-17 08:00:00,500.0,2024-07-17 09:00:00,2024-07-17 09:30:00,,,50.0,22.0,29.0,0.09,0.4,,1,331,2024-07-18,4,0.1,30.0,54.0,25.0,,331,2024-07-18,4,0.0,0.0,0.0,2.7,3,0,0,prod,None
336,2430A,na,336,2024-07-22,4,K28,20.1034,500.0,5,230.0,2024-07-22 08:15:00,54.0,21.0,30.0,0.09,0.9,,336,2024-07-29,2,0,2024-07-29 09:10:00,500.0,2024-07-29 10:15:00,2024-07-29 10:45:00,noir,,51.0,28.0,33.5,0.09,0.09,,1,336,2024-07-30,4,0.1,30.0,56.0,25.0,,336,2024-07-30,4,0.0,0.0,0.0,1.7,2,0,0,prod,None
337,2430B,na,337,2024-07-22,4,K28,20.0612,500.0,6,230.0,2024-07-22 08:15:00,54.0,21.0,30.0,0.09,0.9,,337,2024-07-29,2,0,2024-07-29 09:10:00,500.0,2024-07-21 10:15:00,2024-07-29 10:55:00,brun,,51.0,28.0,33.5,0.09,0.09,sous exfoliation,1,337,2024-07-30,4,0.1,30.0,56.0,25.0,,337,2024-07-30,4,0.0,0.0,0.0,1.7,2,0,0,prod,None
338,2430C,na,338,2024-07-22,4,K28,20.041,500.0,7,230.0,2024-07-22 08:15:00,54.0,21.0,30.0,0.09,0.9,,338,2024-07-29,2,0,2024-07-29 09:10:00,500.0,2024-07-21 10:15:00,2024-07-29 11:05:00,noir,,51.0,28.0,33.5,0.09,0.09,,1,338,2024-07-30,4,0.1,30.0,56.0,25.0,,338,2024-07-30,4,0.0,0.0,0.0,2.6,2,0,0,,None
339,2430D,na,339,2024-07-22,4,K28,20.0645,500.0,8,230.0,2024-07-22 08:15:00,54.0,21.0,30.0,0.09,0.9,,339,2024-07-29,2,0,2024-07-29 09:10:00,500.0,2024-07-21 10:15:00,2024-07-29 11:15:00,noir,,51.0,28.0,33.5,0.09,0.09,,1,339,2024-07-30,4,0.1,30.0,56.0,25.0,,339,2024-07-30,4,0.0,0.0,0.0,2.6,2,0,0,,None
