,Batch_OGD_name,Batch_OGD_Technicien,Batch_OGD_KC8_batch,Batch_OGD_Temperature,Batch_OGD_Agitation,Batch_OGD_room_HR,Batch_OGD_room_T,Batch_OGD_Analyses,conc_KC8,month_production,day_production_start,days_exfo,exfo_gde_maree
0,2301A,IT,2023-K01,27.87142857142857,230.0,34.3,20.0,1,0.01,1,4,5.0,0.0
1,2301B,IT,2023-K01,27.87142857142857,230.0,42.2,21.5,1,0.01,1,5,5.0,0.0
2,2301C,IT,2023-K01,27.87142857142857,230.0,37.5,21.5,0,0.0096,1,6,5.0,0.0
3,2302A,CD,2023-K02,27.87142857142857,230.0,42.0,22.0,1,0.01,1,11,5.0,0.0
4,2302B,IT,2023-K02,27.87142857142857,230.0,38.7,21.4,0,0.01,1,12,4.0,0.0
5,2303A,IT,2023-K03,27.87142857142857,230.0,23.0,21.0,1,0.01,1,18,5.0,2.6666666666666665
6,2303B,CD,2023-K03,27.87142857142857,230.0,25.0,21.0,1,0.01,1,19,5.0,2.6666666666666665
7,2303C,IT,2023-K03,27.87142857142857,230.0,24.0,21.0,1,0.009800000000000001,1,20,6.0,2.6666666666666665
8,2304A,CD,2023-K04,27.87142857142857,230.0,22.0,21.0,1,0.01,1,25,5.0,0.0
9,2304B,IT,2023-K04,27.87142857142857,230.0,22.0,21.0,1,0.01,1,26,5.0,0.0
10,2305A,IT,2023-K04,27.458333333333332,230.0,27.0,22.0,1,0.01,2,1,5.0,0.0
11,2305B,CD,2023-K04,27.458333333333332,230.0,24.9,22.1,1,0.01,2,2,5.0,0.0
12,2305C,IT,2023-K04,27.458333333333332,230.0,22.0,22.0,1,0.01,2,3,5.0,0.0
13,2305D,RS,2023-K05,27.458333333333332,230.0,22.0,23.0,1,0.01,2,3,5.0,0.0
14,2306A,CD,2023-K05,27.458333333333332,230.0,33.545,23.5,1,0.01,2,8,5.0,0.0
15,2307A,IT,2023-K05,27.458333333333332,230.0,27.0,21.5,1,0.01,2,15,5.0,4.5
16,2308A,IT,2023-K07,27.458333333333332,230.0,27.0,22.0,1,0.01,2,21,6.0,4.5
17,2308B,CD,2023-K07,27.458333333333332,230.0,41.1,22.5,1,0.01,2,22,5.0,4.5
18,2308C,IT,2023-K07,27.458333333333332,230.0,29.0,22.0,1,0.01,2,23,5.0,0.0
19,2309A,IT,2023-K07,29.031818181818185,230.0,33.627272727272725,21.0,1,0.01,3,1,5.0,0.0
20,2309B,CD,2023-K07,29.031818181818185,230.0,33.627272727272725,23.3,1,0.01,3,2,5.0,0.0
21,2309C,IT,2023-K07,29.031818181818185,230.0,33.627272727272725,22.0,1,0.01,3,3,5.0,0.0
22,2310A,IT,2023-K10,29.031818181818185,230.0,33.627272727272725,21.6,1,0.01,3,7,5.0,0.0
23,2310B,CD,2023-K10,29.031818181818185,230.0,31.3,21.6,1,0.01,3,8,5.0,0.0
24,2310C,IT,2023-K10,29.031818181818185,230.0,36.0,23.0,1,0.01,3,9,5.0,0.0
25,2310D,IT,2023-K10,29.031818181818185,230.0,29.6,23.0,1,0.02,3,10,6.0,0.0
26,2311A,IT,2023-K10,29.031818181818185,230.0,35.0,23.0,1,0.01,3,15,6.0,0.0
27,2311B,CD,2023-K10,29.031818181818185,230.0,28.8,22.7,1,0.01,3,16,5.0,0.0
28,2311C,IT,2023-K MIX,29.031818181818185,230.0,32.7,24.0,1,0.02,3,17,5.0,6.0
29,2312A,MM,2023-K12,29.031818181818185,230.0,35.0,20.8,1,0.010064,3,22,6.0,6.0
30,2312B,IT,2023-K12,29.031818181818185,230.0,37.5,22.7,1,0.009980000000000001,3,23,6.0,6.0
31,2313A,IT,2023-K12,29.031818181818185,230.0,29.0,21.0,1,0.01,3,29,6.0,0.0
32,2313B,FB,2023-K12,29.031818181818185,230.0,37.0,23.0,1,0.010018800000000001,3,30,5.0,0.0
33,2313C,IT,2023-K21,29.031818181818185,230.0,32.0,24.0,1,0.02,3,31,103.21621621621621,0.0
34,2314A,FB,2023-K14,29.36785714285714,230.0,20.0,21.0,1,0.0200216,4,5,5.0,0.0
35,2314B,IT,2023-K14,29.36785714285714,230.0,25.0,23.0,1,0.02,4,6,5.0,0.0
36,2315A,IT,2023-K14,29.36785714285714,230.0,40.4,22.5,1,0.02,4,12,6.0,0.0
37,2315B,MM,2023-K14,29.36785714285714,230.0,27.0,23.0,1,0.02,4,13,5.0,0.0
38,2316A,CD,2023-K16,29.36785714285714,230.0,25.0,23.0,1,0.0200162,4,19,5.0,1.6666666666666667
39,2316B,IT,2023-K16,29.36785714285714,230.0,26.4,23.1,1,0.02,4,20,5.0,1.6666666666666667
40,2316C,CD,2023-K16,29.36785714285714,230.0,21.2,23.2,1,0.0200142,4,21,5.0,0.0
41,2317A,JP,2023-K16,29.36785714285714,230.0,49.0,23.0,1,0.020006,4,26,5.0,0.0
42,2317B,CD,2023-K16,29.36785714285714,230.0,56.4,21.9,1,0.020005600000000002,4,27,5.0,0.0
43,2317C,JP,2023-K16,29.36785714285714,230.0,52.0,23.0,1,0.0201894,4,28,6.0,0.0
44,2318A,IT,2023-K17,28.895454545454548,230.0,30.6,21.7,1,0.02002,5,3,5.0,0.0
45,2318B,JP,2023-K17,28.895454545454548,203.0,39.0,23.0,1,0.0201236,5,4,6.0,0.0
46,2318C,JP,2023-K17,30.0,300.0,41.0,23.0,1,0.020012000000000002,5,5,5.0,0.0
47,2319A,IT,2023-K17,30.2,230.0,52.0,22.6,1,0.02002,5,9,5.0,0.0
48,2319B,JP,2023-K17,28.0,230.0,40.0,21.0,1,0.0200074,5,10,5.0,0.0
49,2320A,JP,2023-K16,28.0,230.0,38.0,20.0,1,0.020030799999999998,5,16,6.0,0.0
50,2320B,CD,2023-K20,27.4,230.0,27.5,20.5,1,0.0201064,5,17,5.0,0.0
51,2320C,JP,2023-K20,28.895454545454548,203.0,29.0,20.0,1,0.0203634,5,19,5.0,0.0
52,2321A,JP,2023-K20,29.0,230.0,45.0,22.5,1,0.020051,5,24,6.0,0.0
53,2321B,CD,2023-K20,29.1,230.0,29.2,22.3,0,0.020015,5,25,7.0,0.0
54,2321C,JP,2023-K19,28.895454545454548,230.0,37.0,23.0,1,0.0201724,5,26,6.0,0.0
55,2322A,JP,2023-K19,31.0,230.0,40.048,21.444000000000003,0,0.0203066,5,31,4.0,0.0
56,2322C,JP,2023-K19,31.0,230.0,49.438095238095244,24.057142857142857,1,0.0200066,6,2,6.0,0.0
57,2323A,JP,2023-K19,33.0,230.0,49.438095238095244,24.057142857142857,0,0.0201582,6,7,5.0,0.0
58,2323B,CD,2023-K19,31.8,230.0,49.438095238095244,24.057142857142857,0,0.020186,6,8,6.0,0.0
59,2323C,JP,2023-K19,33.0,230.0,49.438095238095244,24.057142857142857,1,0.0202626,6,9,6.0,0.0
60,2324A,JP,2023-K23,25.0,230.0,49.438095238095244,24.057142857142857,1,0.0202844,6,13,7.0,0.0
61,2324B,CD,2023-K24,32.4,230.0,49.438095238095244,24.057142857142857,1,0.0101494,6,14,6.0,0.0
62,2324C,JP,2023-K23,32.4,230.0,49.438095238095244,24.057142857142857,1,0.0200742,6,15,6.0,0.0
63,2324D,CD,2023-K23,30.8,230.0,49.438095238095244,24.057142857142857,1,0.021576,6,16,5.0,0.0
64,2325A,JP,2023-K23,33.0,230.0,49.438095238095244,24.057142857142857,1,0.0203724,6,21,6.0,0.0
65,2325B,CD,2023-K23,29.3,230.0,49.438095238095244,24.057142857142857,1,0.020284800000000002,6,22,6.0,0.0
66,2325C,JP,2023-K23,30.8,230.0,49.438095238095244,24.057142857142857,1,0.020023,6,23,5.0,0.0
67,2327A,JP,2023-K27,31.0,230.0,51.739999999999995,23.96,1,0.0202652,7,5,6.0,0.0
68,2327B,CD,2023-K27,31.0,230.0,51.739999999999995,23.96,1,0.020012000000000002,7,6,5.0,0.0
69,2327C,JP,2023-K27,32.0,230.0,51.739999999999995,23.96,1,0.0200574,7,7,5.0,0.0
70,2328A,JP,2023-K27,34.0,230.0,51.739999999999995,23.96,1,0.0200298,7,11,6.0,0.0
71,2328C,JP,2023-K27,31.0,230.0,51.739999999999995,23.96,1,0.020096,7,13,6.0,0.0
72,2328D,JP,2023-K27,32.0,230.0,51.739999999999995,23.96,1,0.020130400000000003,7,13,6.0,0.0
73,2329A,CD,2023-K27,29.2,230.0,51.739999999999995,23.96,1,0.020021999999999998,7,18,5.0,0.0
74,2329B,JP,2023-K27,32.0,230.0,51.739999999999995,23.96,0,0.02001,7,19,6.0,0.0
75,2330A,CD,2023-K27,32.7,230.0,51.739999999999995,23.96,1,0.020033000000000002,7,20,6.0,0.0
76,2330B,CD,2023-K30,32.6,230.0,51.739999999999995,23.96,1,0.020122,7,26,5.0,0.0
77,2330C,JP,2023-K30,27.0,250.0,51.739999999999995,23.96,1,0.0201402,7,27,6.0,0.0
78,2330D,CD,2023-K30,25.9,230.0,51.739999999999995,23.96,1,0.010153,7,28,5.0,1.0
79,2331A,CD,2023-K30,28.2,230.0,62.8,25.3,1,0.020054,8,1,5.0,2.0
80,2331B,JP,2023-K30,31.0,230.0,61.0,26.0,1,0.020152200000000002,8,2,6.0,2.0
81,2331C,CD,2023-K30B,30.2,230.0,51.3,23.9,1,0.0200948,8,3,5.0,2.0
82,2331D,CD,2023-K30B,28.7,230.0,50.4,22.5,1,0.0200474,8,4,5.0,0.0
83,2332B,JP,2023-K30B,33.0,230.0,51.0,27.0,1,0.0200758,8,10,6.0,0.0
84,2332C,JP,2023-K30B,33.0,230.0,21.0,27.0,1,0.0201694,8,10,6.0,0.0
85,2332D,CD,2023-K32A,30.0,230.0,42.0,28.4,1,0.01,8,11,5.0,0.0
86,2333B,JP,2023-K31,33.0,230.0,48.0,26.0,1,0.020145800000000002,8,16,6.0,0.0
87,2333C,CD,2023-K31,32.7,230.0,49.1,26.3,1,0.020087800000000003,8,17,5.0,0.0
88,2333D,JP,2023-K31,34.0,230.0,53.0,27.0,1,0.0100672,8,18,6.0,0.0
89,2334A,JP,2023-K31,30.0,230.0,40.0,30.0,1,0.020051,8,22,6.0,0.0
90,2334B,CD,2023-K32B,31.2,230.0,44.5,31.0,1,0.020383400000000003,8,23,6.0,0.0
91,2334C,JP,2023-K32,33.0,230.0,42.0,33.0,1,0.020049,8,24,6.0,0.0
92,2334D,JP,2023-K32,31.0,230.0,42.0,31.0,1,0.0200434,8,25,5.0,2.0
93,2335A,CD,2023-K32B,29.0,230.0,45.8,23.0,1,0.0201336,8,29,5.0,2.0
94,2335B,JP,2023-K34,29.0,230.0,42.0,22.0,1,0.0201898,8,30,6.0,2.0
95,2335C,CD,2023-K32B,28.0,230.0,51.1,21.7,1,0.020073399999999998,8,31,5.0,2.0
96,2335D,JP,2023-K34,28.0,230.0,55.0,23.0,1,0.0200772,9,1,6.0,1.8333333333333333
97,2336A,JP,2023-K34,28.0,230.0,31.0,28.0,0,0.020185199999999997,9,5,5.0,0.0
98,2336C,JP,2023-K34,28.0,230.0,52.0,28.0,1,0.020122,9,7,6.0,0.0
99,2337B,JP,2023-K34,26.0,230.0,53.0,25.0,1,0.0100862,9,13,5.0,0.0
100,2337D,JP,2023-K34,25.0,230.0,52.0,23.0,1,0.01,9,15,5.0,0.0
101,2338A,JP,2023-K37,30.0,230.0,55.0,22.0,1,0.0403014,9,19,6.0,0.0
102,2338B,JP,2023-K34,29.0,230.0,55.0,21.0,1,0.0200358,9,20,2.5357142857142856,0.0
103,2338C,JP,2023-NONE,30.0,230.0,52.0,23.0,1,0.03191925925925926,9,21,6.0,0.0
104,2338D,JP,2023-K37,30.0,230.0,51.0,22.0,1,0.020034800000000002,9,22,6.0,0.0
105,2339A,CD,2023-K37,27.6,230.0,38.0,23.7,1,0.020161000000000002,9,26,6.0,1.8333333333333333
106,2339C,CD,2023-K37,26.0,230.0,52.8,23.2,1,0.020068000000000003,9,28,5.0,1.8333333333333333
107,2339D,JP,2023-K37,30.0,230.0,52.0,23.0,1,0.0207484,9,29,6.0,1.8333333333333333
108,2340A,JP,2023-K39,32.0,230.0,55.0,26.0,1,0.020008400000000003,10,3,6.0,0.0
109,2340B,NM,2023-K39,28.5,230.0,38.0,22.0,1,0.020095,10,4,6.0,0.0
110,2340C,JP,2023-K39,29.0,230.0,33.0,22.0,1,0.0201638,10,5,6.0,0.0
111,2340D,NM,2023-K39,29.3,230.0,36.5,22.0,1,0.0200776,10,6,5.0,0.0
112,2341A,CD,2023-K39,28.1,230.0,47.4,23.2,1,0.0101946,10,10,6.0,0.0
113,2341B,JP,2023-K39,30.0,300.0,33.0,23.0,1,0.0100862,10,11,6.0,0.0
114,2341C,NM,2023-K38,21.9,230.0,41.5,23.2,1,0.020088,10,12,6.0,0.0
115,2341D,NM,2023-K39,31.0,230.0,47.0,25.0,1,0.020133199999999997,10,13,6.0,0.0
116,2342A,JP,2023-K39,28.0,230.0,48.0,23.0,1,0.0201734,10,17,6.0,0.0
117,2342B,NM,2023-K39,30.2,230.0,58.8,24.0,1,0.0201356,10,18,6.0,0.0
118,2342C,NM,2023-K39,24.8,230.0,48.0,23.3,1,0.0201962,10,19,6.0,0.0
119,2342D,JP,2023-MIX,24.0,230.0,44.0,22.0,1,0.020095,10,20,5.0,0.0
120,2343A,CD,2023-K42,24.6,230.0,55.5,17.8,1,0.0200912,10,24,4.0,2.0
121,2343B,NM,2023-K42,26.0,230.0,61.0,19.8,1,0.0203804,10,25,6.0,2.0
122,2343D,NM,2023-K42,26.8,230.0,51.1,19.7,1,0.0200316,10,27,5.0,2.0
123,2344A,CD,2023-K43,25.7,230.0,58.2,18.8,1,0.020008400000000003,10,31,6.0,0.0
124,2344B,JP,2023-K42,25.0,203.0,52.0,18.0,1,0.0200788,11,2,6.0,0.0
125,2344C,MM,2023-K43,24.3,230.0,47.5,18.1,1,0.010082,11,3,5.0,0.0
126,2345A,CD,2023-K43,27.1,230.0,36.8,20.6,1,0.040282,11,7,5.0,0.0
127,2345B,CD,2023-K43,28.5,230.0,35.7,21.5,1,0.0201356,11,8,5.0,0.0
128,2345C,NM,2023-K43,28.5,230.0,42.8,21.5,1,0.0201166,11,9,5.0,0.0
129,2345D,NM,2023-K43,29.1,230.0,37.1,21.7,1,0.0200642,11,10,5.0,0.0
130,2346A,NM,2023-K45,28.5,230.0,64.2,21.6,1,0.0800304,11,14,6.0,0.0
131,2346B,CD,2023-K43,29.1,230.0,44.7,21.8,1,0.0201544,11,15,5.0,0.0
132,2346C,NM,2023-K45,27.660000000000004,230.0,44.0,25.0,1,0.020183399999999997,11,16,5.0,0.0
133,2346D,CD,2023-K45,27.660000000000004,230.0,40.7,21.225,1,0.0200708,11,17,5.0,0.0
134,2347A,NM,2023-K46,27.1,230.0,42.8,20.6,1,0.02004,11,21,6.0,0.0
135,2347B,NM,2023-K46,27.6,230.0,37.6,20.9,1,0.020090399999999998,11,22,3.3529411764705883,0.0
136,2347C,NM,2023-K46,27.6,230.0,20.5,25.0,1,0.0400538,11,23,6.0,0.0
137,2347D,CD,2023-K47,29.6,230.0,36.8,21.3,1,0.0101668,11,24,5.0,0.0
138,2348A,NM,2023-K46,27.9,230.0,33.0,21.2,1,0.021671399999999997,11,28,5.0,0.0
139,2348B,CD,2023-K45,27.4,230.0,23.7,19.9,1,0.020030799999999998,11,29,5.0,0.0
140,2348C,NM,2023-K46,27.6,230.0,52.0,20.9,1,0.020032,11,30,3.3529411764705883,0.0
141,2348D,NM,2023-K46,27.9,230.0,38.5,20.8,1,0.040101,12,1,5.0,0.0
142,2349A,JP,2023-MIX,27.0,230.0,20.0,25.0,1,0.040242400000000005,12,5,6.0,0.0
143,2349B,NM,2023-K48,27.4,230.0,28.4,20.5,1,0.0201008,12,6,6.0,0.0
144,2349C,CD,2023-K48,27.9,230.0,24.9,20.9,1,0.0200512,12,7,5.0,0.0
145,2349D,JP,2023-K48,27.0,230.0,40.0,22.0,1,0.0403604,12,8,5.0,0.0
146,2349E,JP,2023-K48,27.0,230.0,40.0,22.0,1,0.0200578,12,8,5.0,0.0
147,2350A,NM,2023-K49,28.2,230.0,47.7,21.4,1,0.020053,12,12,5.0,0.0
148,2350B,CD,2023-K49,28.0,230.0,37.3,21.9,1,0.0200112,12,13,6.0,0.0
149,2350C,JP,2023-K49,27.0,230.0,28.0,21.0,1,0.020054,12,14,6.0,0.0
150,2350D,NM,2023-K49,29.1,230.0,36.1,21.8,1,0.0200578,12,23,370.54545454545456,33.0
151,2350E,NM,2023-K49,29.0,230.0,35.0,23.0,1,0.0201358,12,15,5.0,0.0
152,2401D,JP,2024-K01,27.0,230.0,21.0,37.0,1,0.020145800000000002,1,5,6.0,0.0
153,2401E,JP,2024-K01,27.0,230.0,37.0,21.0,1,0.0401998,1,5,6.0,0.0
154,2402B,JP,2024-K01+02,28.0,230.0,19.0,20.0,1,0.0402542,1,10,5.0,0.0
155,2402C,CD,2024-K02,28.5,250.0,20.4,19.4,1,0.0200958,1,11,5.0,0.0
156,2402D,JP,2024-K02,27.0,230.0,20.0,20.0,1,0.020145,1,12,5.0,0.0
157,2403A,JP,2024-K02,28.0,230.0,35.0,20.0,1,0.020122,1,16,6.0,0.0
158,2403B,CD,2024-K02,28.8,230.0,39.8,21.1,1,0.0402314,1,17,5.0,0.0
159,2403C,JP,2024-K02,28.0,230.0,40.0,21.0,1,0.040187600000000004,1,18,5.0,0.0
160,2403D,CD,2024-K03,27.87142857142857,230.0,33.00416666666667,20.4,1,0.020108,1,19,5.0,0.0
161,2404A,CD,2024-K03,27.1,230.0,48.6,19.3,1,0.0401836,1,23,6.0,0.0
162,2404B,JP,2024-K03,28.0,230.0,49.0,20.0,1,0.0401782,1,24,5.0,0.0
163,2404C,CD,2024-K03,28.0,230.0,38.0,20.2,1,0.0402888,1,25,6.0,0.0
164,2404D,JP,2024-K03,29.0,203.0,40.0,20.0,1,0.0401708,1,16,5.64,0.0
165,2405A,JP,2024-K03,28.0,230.0,40.0,20.0,1,0.0401138,1,30,6.0,0.0
166,2405B,CD,2024-K03,27.8,230.0,33.6,20.4,1,0.040173,1,31,5.0,0.0
167,2405C,JP,2024-K04,27.0,230.0,41.0,19.0,1,0.040049799999999997,2,1,6.0,0.0
168,2405D,CD,2024-K04,28.2,230.0,44.2,20.3,1,0.040071800000000005,2,2,5.0,0.0
169,2406A,CD,2024-K04,26.0,230.0,36.2,18.2,1,0.040049,2,6,6.0,4.5
170,2406B,JP,2024-K04,27.0,230.0,36.0,18.0,1,0.04,2,7,6.0,4.5
171,2406C,CD,2024-K04,27.6,230.0,47.9,19.8,1,0.0400606,2,8,5.0,4.5
172,2406D,JP,2024-K04,28.0,203.0,35.0,20.0,1,0.020035,2,9,5.0,4.5
173,2407A,JP,2024-K04+06,27.0,230.0,38.0,19.0,1,0.040048600000000004,2,13,6.0,0.0
174,2407B,CD,2024-K06B,28.0,230.0,34.7,20.0,1,0.020169,2,14,5.0,0.0
175,2407C,JP,2024-K07,27.0,230.0,34.0,20.0,1,0.040265999999999996,2,15,6.0,0.0
176,2407D,CD,2023-K07,28.5,230.0,45.4,20.9,1,0.020225999999999997,2,16,22.904761904761905,4.5
177,2409B,JP,2024-K07,27.0,230.0,19.0,20.0,2,0.02011,2,28,6.0,0.0
178,2409C,CD,2024-K06A,28.2,230.0,39.5,20.4,1,0.020047000000000002,2,29,22.904761904761905,0.0
179,2409H,JP,2024-K06,27.0,230.0,32.0,19.0,2,0.0402708,3,1,6.0,0.0
180,2409E,JP,2024-K06,27.0,230.0,32.0,19.0,2,0.0401346,3,1,6.0,0.0
181,2409F,JP,2024-K06,28.0,230.0,32.0,19.0,2,0.0420154,3,1,5.0,0.0
182,2409G,JP,2024-K MIX,28.0,230.0,32.0,19.0,2,0.0437424,3,1,5.0,0.0
183,2410A,CD,2024-K10,30.0,230.0,34.5,21.5,2,0.0400688,3,6,5.0,6.0
184,2410B,CD,2024-K10,30.0,230.0,34.5,21.5,2,0.0400832,3,6,5.0,6.0
185,2410C,CD,2024-K10,30.0,230.0,34.5,21.5,2,0.0400228,3,6,5.0,6.0
186,2410D,CD,2024-K10,30.0,230.0,34.5,21.5,2,0.040158,3,6,5.0,6.0
187,2410E,CD,2024-K10,28.8,230.0,29.9,20.8,1,0.040087000000000005,3,7,5.0,6.0
188,2410F,CD,2024-K10,28.8,230.0,29.9,20.8,1,0.0400776,3,7,5.0,6.0
189,2410G,CD,2024-K10,28.8,130.0,39.9,20.8,1,0.040052199999999996,3,7,5.0,6.0
190,2410H,CD,2024-K10,28.8,230.0,29.9,20.8,1,0.040216,3,7,5.0,6.0
191,2411B,JP,2024-K11,28.0,230.0,33.0,19.0,2,0.0401534,3,13,6.0,0.0
192,2411C,JP,2024-K11,28.0,230.0,32.0,20.0,2,0.040038,3,13,6.0,0.0
193,2411D,JP,2024-K10+11,29.0,230.0,31.0,21.0,1,0.0156704,3,15,5.0,0.0
194,2412A,JP,2024-K11,30.0,230.0,36.0,22.0,1,0.0400096,3,19,5.0,0.0
195,2412B,CD,2024-K11,30.1,230.0,31.3,20.1,1,0.040010800000000006,3,20,103.21621621621621,6.0
196,2412C,JP,2024-K11,30.0,230.0,42.0,22.0,1,0.040091999999999996,3,21,6.0,0.0
197,2412D,CD,2024-K11,29.2,230.0,46.3,21.7,1,0.040060000000000005,3,22,5.0,0.0
198,2413C,JP,2024-K11,30.0,230.0,29.0,20.0,1,0.040057999999999996,3,27,6.0,0.0
199,2413E,CD,2024-K11,28.2,230.0,27.6,20.1,1,0.040032200000000004,3,28,5.0,0.0
200,2413G,JP,2024-K11,31.0,230.0,42.0,21.0,1,0.040034999999999994,3,29,5.0,0.0
201,2414A,JP,2024-K11,29.0,230.0,32.0,20.0,1,0.0400082,4,2,6.0,0.0
202,2414B,CD,2024-K11,30.0,230.0,41.0,21.5,1,0.0400878,4,3,5.0,1.6666666666666667
203,2414C,JP,2024-K13,30.0,230.0,41.0,20.0,0,0.0400284,4,4,5.0,1.6666666666666667
204,2414D,CD,2024-K13,33.0,230.0,32.7,23.4,0,0.040102,4,5,5.0,1.6666666666666667
205,2415A,CD,2024-K13,30.1,230.0,30.7,22.2,0,0.0401434,4,9,5.0,1.6666666666666667
206,2415B,CD,2024-K13,30.1,230.0,30.7,22.2,0,0.040077,4,9,5.0,1.6666666666666667
207,2415C,JP,2024-K13,31.0,230.0,31.0,22.0,3,0.04001,4,10,6.0,1.6666666666666667
208,2415D,JP,2024-K13,31.0,230.0,31.0,20.0,3,0.040177,4,10,6.0,1.6666666666666667
209,2315E,JP,2024-K14,32.0,230.0,39.0,23.0,3,0.040146,4,12,5.0,0.0
210,2415F,JP,2024-K14,31.0,230.0,39.0,23.0,3,0.040006799999999995,4,12,5.0,0.0
211,2415G,JP,2024-K14,32.0,230.0,39.0,23.0,3,0.0400854,4,12,5.0,0.0
212,2415H,JP,2024-K14,31.0,230.0,39.0,23.0,3,0.0400484,4,12,5.0,0.0
213,2416B,CD,2024-K14,32.5,250.0,29.8,23.8,0,0.040109200000000005,4,16,5.0,0.0
214,2416E,CD,2024-K15,29.7,230.0,25.4,21.4,3,0.040004399999999996,4,18,5.0,0.0
215,2416F,CD,2024-K15,29.7,230.0,25.4,21.4,3,0.0400742,4,18,5.0,0.0
216,2416G,CD,2024-K15,29.7,230.0,25.4,21.4,3,0.0400482,4,18,5.0,0.0
217,2416H,CD,2024-K15,29.7,230.0,25.4,21.4,3,0.040014,4,18,5.0,0.0
218,2417A,CD,2024-K15,27.1,230.0,22.3,18.3,0,0.040032,4,23,5.0,0.0
219,2417B,CD,2024-K15,27.1,230.0,22.3,18.3,3,0.040059399999999995,4,23,5.0,0.0
220,2417C,CD,2024-K15,27.1,230.0,22.3,18.3,3,0.0400192,4,23,5.0,0.0
221,2417D,CD,2024-K17,27.1,230.0,22.3,18.3,3,0.0400596,4,23,5.0,0.0
222,2417E,CD,2024-K17,28.0,230.0,32.9,18.8,3,0.0400244,4,24,5.0,0.0
223,2417F,CD,2024-K17,28.0,230.0,32.9,18.8,3,0.0400564,4,24,5.0,0.0
224,2417G,CD,2024-K17,28.0,230.0,32.9,18.8,3,0.0400058,4,24,5.0,0.0
225,2418A,CD,2024-K17,27.1,230.0,40.6,19.2,0,0.040070999999999996,4,30,5.0,0.0
226,2418B,CD,2024-K17,27.1,230.0,40.6,19.2,0,0.0200028,4,30,5.0,0.0
227,2418C,CD,2024-K17+13,27.1,230.0,40.6,19.2,3,0.0418636,4,30,5.0,0.0
228,2418D,CD,2024-K17,27.1,230.0,40.6,19.2,3,0.0400564,4,30,5.0,0.0
229,2419A,JP,2024-K18A,27.0,230.0,49.0,19.0,3,0.040104999999999995,5,10,6.0,0.0
230,2419B,JP,2024-K18B,27.0,230.0,40.0,19.0,3,0.040021,5,10,6.0,0.0
231,2420A,JP,2024-K18A,27.0,230.0,40.0,21.0,3,0.0401436,5,16,5.0,0.0
232,2420B,CD,2024-K17,28.0,230.0,41.1,20.7,3,0.0401002,5,17,5.0,0.0
233,2421B,JP,2024-K18A,27.0,230.0,40.0,20.0,3,0.0400324,5,22,6.0,0.0
234,2421C,CD,2024-K18,28.2,230.0,46.0,20.8,0,0.04002579999999999,5,23,6.0,0.0
235,2421D,JP,2024-K18A,27.0,230.0,40.0,21.0,3,0.02,5,24,6.0,0.0
236,2422A,CD,2024-K17,29.7,230.0,39.4,21.5,3,0.04,5,28,5.0,0.0
237,2422B,CD,2024-K17B,29.7,230.0,39.4,21.5,3,0.04,5,28,5.0,0.0
238,2422C,CD,2024-K18B,29.7,230.0,39.4,21.5,0,0.040142000000000004,5,28,5.0,0.0
239,2422D,CD,2024-K18B,29.7,230.0,39.4,21.5,3,0.040034999999999994,5,28,5.0,0.0
240,2422E,CD,2024-K18B,31.0,230.0,46.4,23.0,3,0.040052199999999996,5,30,5.0,0.0
241,2422F,CD,2024-K21,31.0,230.0,46.4,23.0,3,0.040083799999999996,5,30,4.230769230769231,0.0
242,2422G,CD,2024-K21,31.0,230.0,46.4,23.0,3,0.040214,5,30,5.0,0.0
243,2423A,JP,2024-K21,30.0,230.0,41.0,22.0,1,0.040068,6,4,6.0,0.0
244,2423E,CD,2024-K21,32.0,230.0,41.3,24.0,0,0.040006,6,6,5.0,0.0
245,2423F,CD,2024-K21,32.0,230.0,41.3,24.0,0,0.040184399999999995,6,6,5.0,0.0
246,2423G,CD,2024-K21,32.0,230.0,41.3,24.0,0,0.040100000000000004,6,6,5.0,0.0
247,2423H,CD,2024-K21,32.0,230.0,41.3,24.0,0,0.0403108,6,6,5.0,0.0
248,2424A,CD,2024-K21,32.0,230.0,40.3,23.5,1,0.0401848,6,11,5.0,0.0
249,2424B,CD,2024-K21,32.0,230.0,40.3,23.5,0,0.040060000000000005,6,11,5.0,0.0
250,2424C,CD,2024-K21,32.0,230.0,40.3,23.5,0,0.040178,6,11,5.0,0.0
251,2424D,CD,2024-K21,32.0,230.0,40.3,23.5,0,0.040211199999999996,6,11,5.0,0.0
252,2425C,JP,2024-K24,30.0,230.0,56.0,22.0,0,0.040036,6,20,5.0,0.0
253,2425D,JP,2024-K24,30.0,230.0,56.0,22.0,0,0.0400518,6,20,5.0,0.0
254,2425E,JP,2024-K24,30.0,230.0,58.0,20.0,1,0.0401336,6,20,5.0,0.0
255,2425F,JP,2024-K24,30.0,230.0,58.0,22.0,1,0.0400022,6,20,5.0,0.0
256,2426A,JP,2024-K24,32.0,230.0,59.0,24.0,1,0.0401276,6,25,-39.6875,0.0
257,2426B,JP,2024-K24,32.0,230.0,59.0,24.0,0,0.0400772,6,25,-39.6875,0.0
258,2426C,JP,2024-K24,32.0,230.0,59.0,24.0,0,0.0401276,6,25,-39.6875,0.0
259,2426D,JP,2024-K24,32.0,230.0,59.0,24.0,0,0.040071199999999994,6,25,-39.6875,0.0
260,2426E,CD,2024-K24,35.0,230.0,51.7,27.8,0,0.0401136,6,27,5.0,0.0
261,2426F,CD,2024-K24,35.0,230.0,51.7,27.8,0,0.040040799999999994,6,27,5.0,0.0
262,2426G,CD,2024-K24,35.0,230.0,51.7,27.8,0,0.0401184,6,27,5.0,0.0
263,2426H,CD,2024-K24,35.0,230.0,51.7,27.8,0,0.0400252,6,27,5.0,0.0
264,2427A,CD,2024-K24,32.0,230.0,43.9,24.3,1,0.040163,7,2,5.0,0.0
265,2427B,CD,2024-K24,32.0,230.0,43.9,24.3,0,0.0400318,7,2,5.0,0.0
266,2427C,CD,2024-K24,32.0,230.0,43.9,24.3,0,0.040085,7,2,5.0,0.0
267,2427D,CD,2024-K24,32.0,230.0,43.9,24.3,0,0.040064,7,2,5.0,0.0
268,2427E,CD,2024-K26,31.0,230.0,45.8,22.5,1,0.0400938,7,3,5.0,0.0
269,2427F,CD,2024-K26,31.0,230.0,45.8,22.5,1,0.0400518,7,3,5.0,0.0
270,2427G,CD,2024-K26,31.0,230.0,45.8,22.5,1,0.040135,7,3,5.0,0.0
271,2427H,CD,2024-K26,31.0,230.0,45.8,22.5,1,0.040009,7,3,5.0,0.0
272,2428A,CD,2024-K26,31.0,230.0,60.0,25.0,1,0.040011000000000005,7,11,5.0,0.0
273,2428B,CD,2024-K26,31.0,230.0,60.0,25.0,1,0.0400586,7,11,5.0,0.0
274,2428C,CD,2024-K26,31.0,230.0,60.0,25.0,1,0.0400984,7,11,5.0,0.0
275,2428D,CD,2024-K26,31.0,230.0,60.0,25.0,1,0.040105600000000005,7,11,5.0,0.0
276,2430A,JP,2024-K28,30.0,230.0,54.0,21.0,1,0.0402068,7,22,7.0,0.0
277,2430B,JP,2024-K28,30.0,230.0,54.0,21.0,1,0.040122399999999996,7,22,7.0,0.0
278,2430C,JP,2024-K28,30.0,230.0,54.0,21.0,1,0.040082,7,22,7.0,0.0
279,2430D,JP,2024-K28,30.0,230.0,54.0,21.0,1,0.040129,7,22,7.0,0.0
280,2431A,JP,2024-K28,35.0,230.0,55.0,27.0,1,0.04014,7,30,6.59375,0.0
281,2431B,JP,2024-K28,35.0,230.0,55.0,27.0,1,0.040119999999999996,7,30,6.59375,0.0
282,2431C,JP,2024-K28,35.0,230.0,55.0,27.0,1,0.040159999999999994,7,30,6.59375,0.0
283,2431D,JP,2024-K28,35.0,230.0,55.0,27.0,1,0.040204000000000004,7,30,6.59375,0.0
284,2432A,JP,2024-K28,34.0,230.0,51.0,25.0,1,0.040100000000000004,8,6,5.0,0.0
285,2432B,JP,2024-K31,34.0,230.0,51.0,25.0,1,0.04018,8,6,5.0,0.0
286,2432C,JP,2024-K31,34.0,230.0,51.0,25.0,1,0.040159999999999994,8,6,5.0,0.0
287,2432D,JP,2024-K31,34.0,230.0,51.0,25.0,1,0.04001,8,6,5.0,0.0
288,2433A,JP,2024-K31,34.0,230.0,57.0,27.0,1,0.04008,8,13,7.75,2.0
289,2433C,JP,2024-K31,34.0,230.0,57.0,27.0,1,0.04018,8,13,7.75,2.0
290,2433D,JP,2024-K31,34.0,230.0,57.0,27.0,1,0.040018,8,13,7.75,2.0
291,2434A,JP,2024-K31,33.0,230.0,40.0,25.0,1,0.04,8,20,5.0,2.0
292,2434B,JP,2024-K31,33.0,230.0,40.0,25.0,1,0.04,8,20,5.0,2.0
293,2434C,JP,2024-K31,33.0,230.0,40.0,25.0,1,0.04,8,20,5.0,2.0
294,2434G,LD,2024-K31,33.0,230.0,40.0,25.0,1,0.04,8,22,5.0,2.0
295,2434E,LD,2024-K31,33.0,230.0,40.0,25.0,1,0.04,8,22,5.0,2.0
296,2434F,LD,2024-K31,33.0,230.0,40.0,25.0,1,0.04,8,22,5.0,2.0
297,2435A,JP,2024-K34,32.0,230.0,33.0,24.0,1,0.04,8,27,5.0,0.0
298,2435B,JP,2024-K34,32.0,230.0,33.0,24.0,1,0.04,8,27,5.0,0.0
299,2435C,JP,2024-K34,32.0,230.0,33.0,24.0,1,0.04,8,27,5.0,0.0
300,2435D,JP,2024-K34,32.0,230.0,58.0,23.0,1,0.04,8,29,4.0,0.0
301,2435E,JP,2024-K34,32.0,230.0,58.0,23.0,1,0.04,8,29,4.0,0.0
302,2435F,JP,2024-K34,32.0,230.0,58.0,23.0,1,0.04,8,29,4.0,0.0
303,2436A,JP,2024-K34,31.0,230.0,60.0,23.0,1,0.04,9,3,6.0,0.0
304,2436B,JP,2024-K34,31.0,230.0,60.0,23.0,1,0.04,9,3,6.0,0.0
305,2436C,JP,2024-K34,31.0,230.0,60.0,23.0,1,0.04,9,3,6.0,0.0
306,2436D,JP,2024-K33,31.0,230.0,52.0,21.0,1,0.04,9,5,4.0,0.0
307,2436E,JP,2024-K33,31.0,230.0,52.0,21.0,1,0.04,9,5,5.0,0.0
308,2436F,JP,2024-K33,31.0,230.0,52.0,21.0,1,0.04,9,5,5.0,0.0
309,2436G,JP,2024-K33,31.0,230.0,52.0,21.0,1,0.04,9,5,5.0,0.0
310,2436H,JP,2024-K33,31.0,230.0,52.0,21.0,1,0.04,9,5,5.0,0.0
311,2437A,JP,2024-K36,31.0,230.0,47.0,23.0,1,0.04,9,9,7.0,0.0
312,2437B,JP,2024-K36,31.0,230.0,47.0,23.0,1,0.04,9,9,7.0,0.0
313,2437C,JP,2024-K36,31.0,230.0,47.0,23.0,1,0.04,9,9,7.0,0.0
314,2437D,JP,2024-K36,31.0,230.0,47.0,23.0,1,0.04,9,9,7.0,0.0
315,2438B,JP,2024-K36,29.0,230.0,43.0,21.0,1,0.04,9,17,6.0,1.8333333333333333
316,2438D,JP,2024-K36,29.0,230.0,43.0,21.0,1,0.04,9,17,6.0,1.8333333333333333
317,2439B,LD,2024-K36,29.0,230.0,53.0,22.0,1,0.04,9,24,5.0,0.0
318,2439D,LD,2024-K36,29.0,230.0,53.0,22.0,1,0.04,9,24,5.0,0.0
