,Batch_OGD_name,Batch_OGD_date,Batch_OGD_Technicien,Batch_OGD_KC8_batch,Batch_OGD_KC8_masse,Batch_OGD_THF_batch,Batch_OGD_THF_Volume,Batch_OGD_Temperature,Batch_OGD_Agitation,Batch_OGD_heure_debut,Batch_OGD_heure_fin,Batch_OGD_room_HR,Batch_OGD_room_T,Batch_OGD_Stock,Batch_OGD_Analyses
0,2301A,2023-01-04,IT,K01,5.0,to_fill,500.0,0.0,230.0,2023-01-04 11:00:00,2023-01-10 00:00:00,34.3,20.0,0.0,1
1,2301B,2023-01-05,IT,K01,5.0,to_fill,500.0,0.0,230.0,2023-01-05 12:10:00,2023-01-11 00:00:00,42.2,21.5,0.0,1
2,2301C,2023-01-06,IT,K01,4.8,to_fill,500.0,0.0,230.0,2023-01-06 11:45:00,2023-01-12 00:00:00,37.5,21.5,0.0,0
3,2302A,2023-01-11,CD,K02,5.0,to_fill,500.0,0.0,230.0,2023-01-11 11:45:00,2023-01-17 00:00:00,42.0,22.0,0.0,1
4,2302B,2023-01-12,IT,K02,5.0,to_fill,500.0,0.0,230.0,2023-01-12 12:30:00,2023-01-17 08:30:00,38.7,21.4,0.0,0
5,2303A,2023-01-18,IT,K03,5.0,to_fill,500.0,0.0,230.0,2023-01-18 12:00:00,2023-01-24 00:00:00,23.0,21.0,0.0,1
6,2303B,2023-01-19,CD,K03,5.0,to_fill,500.0,0.0,230.0,2023-01-19 10:00:00,2023-01-25 00:00:00,25.0,21.0,0.0,1
7,2303C,2023-01-20,IT,K03,4.9,to_fill,500.0,0.0,230.0,2023-01-20 00:00:00,2023-01-26 08:30:00,24.0,21.0,0.0,1
8,2304A,2023-01-25,CD,K04,5.0,to_fill,500.0,0.0,230.0,2023-01-25 11:50:00,2023-01-31 00:00:00,22.0,21.0,0.0,1
9,2304B,2023-01-26,IT,K04,5.0,to_fill,500.0,0.0,230.0,2023-01-26 09:00:00,2023-02-01 08:30:00,22.0,21.0,0.0,1
10,2305A,2023-02-01,IT,K04,5.0,to_fill,500.0,0.0,230.0,2023-02-01 09:15:00,2023-02-07 00:00:00,27.0,22.0,0.0,1
11,2305B,2023-02-02,CD,K04,5.0,to_fill,500.0,0.0,230.0,2023-02-02 09:00:00,2023-02-08 00:00:00,24.9,22.1,0.0,1
12,2305C,2023-02-03,IT,K04,5.0,to_fill,500.0,0.0,230.0,2023-02-03 10:30:00,2023-02-09 09:45:00,22.0,22.0,0.0,1
13,2305D,2023-02-03,RS,K05,4.0,to_fill,400.0,0.0,230.0,2023-02-03 17:58:00,2023-02-09 09:15:00,22.0,23.0,0.0,1
14,2306A,2023-02-08,CD,K05,5.0,to_fill,500.0,0.0,230.0,2023-02-08 16:25:00,2023-02-14 00:00:00,0.0,23.5,0.0,1
15,2307A,2023-02-15,IT,K05,5.0,to_fill,500.0,0.0,230.0,2023-02-15 10:40:00,2023-02-21 00:00:00,27.0,21.5,0.0,1
16,2308A,2023-02-21,IT,K07,5.0,to_fill,500.0,0.0,230.0,2023-02-21 09:25:00,2023-02-27 11:35:00,27.0,22.0,0.0,1
17,2308B,2023-02-22,CD,K07,5.0,to_fill,500.0,0.0,230.0,2023-02-22 10:05:00,2023-02-28 09:20:00,41.1,22.5,0.0,1
18,2308C,2023-02-23,IT,K07,5.0,to_fill,500.0,0.0,230.0,2023-02-23 09:11:00,2023-03-01 09:00:00,29.0,22.0,0.0,1
19,2309A,2023-03-01,IT,K07,5.0,to_fill,500.0,0.0,230.0,2023-03-01 09:10:00,2023-03-07 00:00:00,0.0,21.0,0.0,1
20,2309B,2023-03-02,CD,K07,5.0,to_fill,500.0,0.0,230.0,2023-03-02 12:00:00,2023-03-08 09:46:00,0.0,23.3,0.0,1
21,2309C,2023-03-03,IT,K07,5.0,to_fill,500.0,0.0,230.0,2023-03-03 10:40:00,2023-03-09 00:00:00,0.0,22.0,0.0,1
22,2310A,2023-03-07,IT,K10,5.0,to_fill,500.0,0.0,230.0,2023-03-07 09:15:00,2023-03-13 09:10:00,0.0,21.6,0.0,1
23,2310B,2023-03-08,CD,K10,5.0,to_fill,500.0,0.0,230.0,2023-03-08 09:30:00,2023-03-14 09:15:00,31.3,21.6,0.0,1
24,2310C,2023-03-09,IT,K10,5.0,to_fill,500.0,0.0,230.0,2023-03-09 09:30:00,2023-03-15 08:45:00,36.0,23.0,0.0,1
25,2310D,2023-03-10,IT,K10,10.0,to_fill,500.0,0.0,230.0,2023-03-10 08:30:00,2023-03-16 09:10:00,29.6,23.0,0.0,1
26,2311A,2023-03-15,IT,K10,5.0,to_fill,500.0,0.0,230.0,2023-03-15 09:15:00,2023-03-21 09:40:00,35.0,23.0,0.0,1
27,2311B,2023-03-16,CD,K10,5.0,to_fill,500.0,0.0,230.0,2023-03-16 09:10:00,2023-03-22 00:00:00,28.8,22.7,0.0,1
28,2311C,2023-03-17,IT,K MIX,10.0,to_fill,500.0,0.0,230.0,2023-03-17 12:20:00,2023-03-23 09:30:00,32.7,24.0,0.0,1
29,2312A,2023-03-22,MM,K12,5.032,to_fill,500.0,0.0,230.0,2023-03-22 09:45:00,2023-03-28 11:00:00,35.0,20.8,0.0,1
30,2312B,2023-03-23,IT,K12,4.99,to_fill,500.0,0.0,230.0,2023-03-23 09:10:00,2023-03-29 12:20:00,37.5,22.7,0.0,1
31,2313A,2023-03-29,IT,K12,5.0,to_fill,500.0,0.0,230.0,2023-03-29 09:30:00,2023-04-04 09:40:00,29.0,21.0,0.0,1
32,2313B,2023-03-30,FB,K12,5.0094,to_fill,500.0,0.0,230.0,2023-03-30 09:00:00,2023-04-05 05:40:00,37.0,23.0,0.0,1
33,2313C,2023-03-31,IT,K21,10.0,to_fill,500.0,0.0,230.0,2023-03-31 10:49:00,2023-03-06 00:00:00,32.0,24.0,0.0,1
34,2314A,2023-04-05,FB,K14,10.0108,to_fill,500.0,0.0,230.0,2023-04-05 09:45:00,2023-04-11 08:20:00,20.0,21.0,0.0,1
35,2314B,2023-04-06,IT,K14,10.0,to_fill,500.0,0.0,230.0,2023-04-06 10:24:00,2023-04-12 00:00:00,25.0,23.0,0.0,1
36,2315A,2023-04-12,IT,K14,10.0,to_fill,500.0,0.0,230.0,2023-04-12 10:03:00,2023-04-18 10:15:00,40.4,22.5,0.0,1
37,2315B,2023-04-13,MM,K14,10.0,to_fill,500.0,0.0,230.0,2023-04-13 09:50:00,2023-04-19 09:10:00,27.0,23.0,0.0,1
38,2316A,2023-04-19,CD,K16,10.0081,to_fill,500.0,0.0,230.0,2023-04-19 09:20:00,2023-04-25 08:30:00,25.0,23.0,0.0,1
39,2316B,2023-04-20,IT,K16,10.0,to_fill,500.0,0.0,230.0,2023-04-20 10:10:00,2023-04-26 08:30:00,26.4,23.1,0.0,1
40,2316C,2023-04-21,CD,K16,10.0071,to_fill,500.0,0.0,230.0,2023-04-21 10:58:00,2023-04-27 09:00:00,21.2,23.2,0.0,1
41,2317A,2023-04-26,JP,K16,10.003,to_fill,500.0,0.0,230.0,2023-04-26 09:00:00,2023-05-02 08:30:00,49.0,23.0,0.0,1
42,2317B,2023-04-27,CD,K16,10.0028,to_fill,500.0,0.0,230.0,2023-04-27 09:10:00,2023-05-03 00:00:00,56.4,21.9,0.0,1
43,2317C,2023-04-28,JP,K16,10.0947,to_fill,500.0,0.0,230.0,2023-04-28 08:40:00,2023-05-04 09:36:00,52.0,23.0,0.0,1
44,2318A,2023-05-03,IT,K17,10.01,to_fill,500.0,0.0,230.0,2023-05-03 09:27:00,2023-05-09 08:58:00,30.6,21.7,0.0,1
45,2318B,2023-05-04,JP,K17,10.0618,to_fill,500.0,0.0,203.0,2023-05-04 08:50:00,2023-05-10 09:04:00,39.0,23.0,0.0,1
46,2318C,2023-05-05,JP,K17,10.006,to_fill,500.0,30.0,300.0,2023-05-05 08:30:00,2023-05-11 08:25:00,41.0,23.0,0.0,1
47,2319A,2023-05-09,IT,K17,10.01,to_fill,500.0,30.2,230.0,2023-05-09 10:08:00,2023-05-15 08:15:00,52.0,22.6,0.0,1
48,2319B,2023-05-10,JP,K17,10.0037,to_fill,500.0,28.0,230.0,2023-05-10 08:25:00,2023-05-16 08:20:00,40.0,21.0,0.0,1
49,2320A,2023-05-16,JP,K16,10.0154,to_fill,500.0,28.0,230.0,2023-05-16 08:30:00,2023-05-22 08:45:00,38.0,20.0,0.0,1
50,2320B,2023-05-17,CD,K20,10.0532,to_fill,500.0,27.4,230.0,2023-05-17 10:15:00,2023-05-23 08:50:00,27.5,20.5,0.0,1
51,2320C,2023-05-19,JP,K20,10.1817,to_fill,500.0,0.0,203.0,2023-05-19 10:15:00,2023-05-25 08:30:00,29.0,20.0,0.0,1
52,2321A,2023-05-24,JP,K20,10.0255,to_fill,500.0,29.0,230.0,2023-05-24 08:25:00,2023-05-30 08:25:00,45.0,22.5,0.0,1
53,2321B,2023-05-25,CD,K20,10.0075,to_fill,500.0,29.1,230.0,2023-05-25 08:25:00,2023-06-01 11:20:00,29.2,22.3,0.0,0
54,2321C,2023-05-26,JP,K19,10.0862,to_fill,500.0,0.0,230.0,2023-05-26 08:25:00,2023-06-02 08:08:00,37.0,23.0,0.0,1
55,2322A,2023-05-31,JP,K19,10.1533,to_fill,500.0,31.0,230.0,2023-05-31 11:00:00,2023-06-05 08:25:00,0.0,0.0,0.0,0
56,2322C,2023-06-02,JP,K19,10.0033,to_fill,500.0,31.0,230.0,2023-06-02 08:50:00,2023-06-08 08:50:00,0.0,0.0,0.0,1
57,2323A,2023-06-07,JP,K19,10.0791,to_fill,500.0,33.0,230.0,2023-06-07 08:50:00,2023-06-12 09:05:00,0.0,0.0,0.0,0
58,2323B,2023-06-08,CD,K19,10.093,to_fill,500.0,31.8,230.0,2023-06-08 08:10:00,2023-06-14 08:20:00,0.0,0.0,0.0,0
59,2323C,2023-06-09,JP,K19,10.1313,to_fill,500.0,33.0,230.0,2023-06-09 08:40:00,2023-06-15 08:50:00,0.0,0.0,0.0,1
60,2324A,2023-06-13,JP,K23,10.1422,to_fill,500.0,25.0,230.0,2023-06-13 08:20:00,2023-06-20 09:20:00,0.0,0.0,0.0,1
61,2324B,2023-06-14,CD,K24,5.0747,to_fill,500.0,32.4,230.0,2023-06-14 08:45:00,2023-06-20 09:25:00,0.0,0.0,0.0,1
62,2324C,2023-06-15,JP,K23,10.0371,to_fill,500.0,32.4,230.0,2023-06-15 07:26:00,2023-06-21 07:30:00,0.0,0.0,0.0,1
63,2324D,2023-06-16,CD,K23,10.788,to_fill,500.0,30.8,230.0,2023-06-16 08:45:00,2023-06-22 07:20:00,0.0,0.0,0.0,1
64,2325A,2023-06-21,JP,K23,10.1862,to_fill,500.0,33.0,230.0,2023-06-21 07:30:00,2023-06-27 08:15:00,0.0,0.0,0.0,1
65,2325B,2023-06-22,CD,K23,10.1424,to_fill,500.0,29.3,230.0,2023-06-22 08:00:00,2023-06-28 08:25:00,0.0,0.0,0.0,1
66,2325C,2023-06-23,JP,K23,10.0115,to_fill,500.0,30.8,230.0,2023-06-23 08:30:00,2023-06-29 07:40:00,0.0,0.0,0.0,1
67,2327A,2023-07-05,JP,K27,10.1326,to_fill,500.0,31.0,230.0,2023-07-05 08:35:00,2023-07-11 09:15:00,0.0,0.0,0.0,1
68,2327B,2023-07-06,CD,K27,10.006,to_fill,500.0,31.0,230.0,2023-07-06 08:25:00,2023-07-12 07:40:00,0.0,0.0,0.0,1
69,2327C,2023-07-07,JP,K27,10.0287,to_fill,500.0,32.0,230.0,2023-07-07 09:45:00,2023-07-13 07:30:00,0.0,0.0,0.0,1
70,2328A,2023-07-11,JP,K27,10.0149,to_fill,500.0,34.0,230.0,2023-07-11 07:35:00,2023-07-17 08:30:00,0.0,0.0,0.0,1
71,2328C,2023-07-13,JP,K27,10.048,to_fill,500.0,31.0,230.0,2023-07-13 08:35:00,2023-07-19 12:30:00,0.0,0.0,0.0,1
72,2328D,2023-07-13,JP,K27,10.0652,to_fill,500.0,32.0,230.0,2023-07-13 09:30:00,2023-07-19 12:30:00,0.0,0.0,0.0,1
73,2329A,2023-07-18,CD,K27,10.011,to_fill,500.0,29.2,230.0,2023-07-18 12:35:00,2023-07-24 09:10:00,0.0,0.0,0.0,1
74,2329B,2023-07-19,JP,K27,10.005,to_fill,500.0,32.0,230.0,2023-07-19 00:00:00,2023-07-25 09:15:00,0.0,0.0,0.0,0
75,2330A,2023-07-20,CD,K27,10.0165,to_fill,500.0,32.7,230.0,2023-07-20 10:05:00,2023-07-27 09:30:00,0.0,0.0,0.0,1
76,2330B,2023-07-26,CD,K30,10.061,to_fill,500.0,32.6,230.0,2023-07-26 09:20:00,2023-08-01 07:50:00,0.0,0.0,0.0,1
77,2330C,2023-07-27,JP,K30,10.0701,to_fill,500.0,27.0,250.0,2023-07-27 07:45:00,2023-08-02 09:10:00,0.0,0.0,0.0,1
78,2330D,2023-07-28,CD,K30,5.0765,to_fill,500.0,25.9,230.0,2023-07-28 08:15:00,2023-08-03 08:05:00,0.0,0.0,0.0,1
79,2331A,2023-08-01,CD,K30,10.027,to_fill,500.0,28.2,230.0,2023-08-01 09:05:00,2023-08-07 09:00:00,62.8,25.3,0.0,1
80,2331B,2023-08-02,JP,K30,10.0761,to_fill,500.0,31.0,230.0,2023-08-02 08:10:00,2023-08-08 09:00:00,61.0,26.0,0.0,1
81,2331C,2023-08-03,CD,K30B,10.0474,to_fill,500.0,30.2,230.0,2023-08-03 09:55:00,2023-08-09 08:10:00,51.3,23.9,0.0,1
82,2331D,2023-08-04,CD,K30B,10.0237,to_fill,500.0,28.7,230.0,2023-08-04 08:25:00,2023-08-10 08:10:00,50.4,22.5,0.0,1
83,2332B,2023-08-10,JP,K30B,10.0379,to_fill,500.0,33.0,230.0,2023-08-10 08:00:00,2023-08-16 08:00:00,51.0,27.0,0.0,1
84,2332C,2023-08-10,JP,K30B,10.0847,to_fill,500.0,33.0,230.0,2023-08-10 08:00:00,2023-08-16 08:00:00,21.0,27.0,0.0,1
85,2332D,2023-08-11,CD,K32A,5.0,to_fill,500.0,30.0,230.0,2023-08-11 14:00:00,2023-08-17 08:10:00,42.0,28.4,0.0,1
86,2333B,2023-08-16,JP,K31,10.0729,to_fill,500.0,33.0,230.0,2023-08-16 08:00:00,2023-08-22 08:40:00,48.0,26.0,0.0,1
87,2333C,2023-08-17,CD,K31,10.0439,to_fill,500.0,32.7,230.0,2023-08-17 10:00:00,2023-08-23 08:00:00,49.1,26.3,0.0,1
88,2333D,2023-08-18,JP,K31,5.0336,to_fill,500.0,34.0,230.0,2023-08-18 07:30:00,2023-08-24 07:40:00,53.0,27.0,0.0,1
89,2334A,2023-08-22,JP,K31,10.0255,to_fill,500.0,30.0,230.0,2023-08-22 08:00:00,2023-08-28 08:00:00,40.0,30.0,0.0,1
90,2334B,2023-08-23,CD,K32B,10.1917,to_fill,500.0,31.2,230.0,2023-08-23 07:35:00,2023-08-29 08:00:00,44.5,31.0,0.0,1
91,2334C,2023-08-24,JP,K32,10.0245,to_fill,500.0,33.0,230.0,2023-08-24 08:00:00,2023-08-30 09:10:00,42.0,33.0,0.0,1
92,2334D,2023-08-25,JP,K32,10.0217,to_fill,500.0,31.0,230.0,2023-08-25 08:20:00,2023-08-31 08:00:00,42.0,31.0,0.0,1
93,2335A,2023-08-29,CD,K32B,10.0668,to_fill,500.0,29.0,230.0,2023-08-29 09:10:00,2023-09-04 08:40:00,45.8,23.0,0.0,1
94,2335B,2023-08-30,JP,K34,10.0949,to_fill,500.0,29.0,230.0,2023-08-30 08:00:00,2023-09-05 08:40:00,42.0,22.0,0.0,1
95,2335C,2023-08-31,CD,K32B,10.0367,to_fill,500.0,28.0,230.0,2023-08-31 09:30:00,2023-09-06 08:00:00,51.1,21.7,0.0,1
96,2335D,2023-09-01,JP,K34,10.0386,to_fill,500.0,28.0,230.0,2023-09-01 08:00:00,2023-09-07 08:20:00,55.0,23.0,0.0,1
97,2336A,2023-09-05,JP,K34,10.0926,to_fill,500.0,28.0,230.0,2023-09-05 08:00:00,2023-09-11 07:45:00,31.0,28.0,0.0,0
98,2336C,2023-09-07,JP,K34,10.061,to_fill,500.0,28.0,230.0,2023-09-07 08:00:00,2023-09-13 08:30:00,52.0,28.0,0.0,1
99,2337B,2023-09-13,JP,K34,5.0431,to_fill,500.0,26.0,230.0,2023-09-13 08:00:00,2023-09-19 07:50:00,53.0,25.0,0.0,1
100,2337D,2023-09-15,JP,K34,5.0,to_fill,500.0,25.0,230.0,2023-09-15 08:10:00,2023-09-21 08:00:00,52.0,23.0,0.0,1
101,2338A,2023-09-19,JP,K37,20.1507,to_fill,500.0,30.0,230.0,2023-09-19 07:30:00,2023-09-25 08:30:00,55.0,22.0,0.0,1
102,2338B,2023-09-20,JP,K34,10.0179,to_fill,500.0,29.0,230.0,2023-09-20 08:00:00,2023-06-29 08:15:00,55.0,21.0,0.0,1
103,2338C,2023-09-21,JP,NONE,0.0,to_fill,350.0,30.0,230.0,2023-09-21 08:30:00,2023-09-27 09:05:00,52.0,23.0,0.0,1
104,2338D,2023-09-22,JP,K37,10.0174,to_fill,500.0,30.0,230.0,2023-09-22 08:00:00,2023-09-28 08:20:00,51.0,22.0,0.0,1
105,2339A,2023-09-26,CD,K37,10.0805,to_fill,500.0,27.6,230.0,2023-09-26 09:00:00,2023-10-02 09:30:00,38.0,23.7,0.0,1
106,2339C,2023-09-28,CD,K37,10.034,to_fill,500.0,26.0,230.0,2023-09-28 09:10:00,2023-10-04 08:00:00,52.8,23.2,0.0,1
107,2339D,2023-09-29,JP,K37,10.3742,to_fill,500.0,30.0,230.0,2023-09-29 08:00:00,2023-10-05 08:45:00,52.0,23.0,0.0,1
108,2340A,2023-10-03,JP,K39,10.0042,to_fill,500.0,32.0,230.0,2023-10-03 08:00:00,2023-10-09 09:35:00,55.0,26.0,0.0,1
109,2340B,2023-10-04,NM,K39,10.0475,to_fill,500.0,28.5,230.0,2023-10-04 09:00:00,2023-10-10 09:35:00,38.0,22.0,0.0,1
110,2340C,2023-10-05,JP,K39,10.0819,to_fill,500.0,29.0,230.0,2023-10-05 07:30:00,2023-10-11 09:30:00,33.0,22.0,0.0,1
111,2340D,2023-10-06,NM,K39,10.0388,to_fill,500.0,29.3,230.0,2023-10-06 08:10:00,2023-10-12 07:45:00,36.5,22.0,0.0,1
112,2341A,2023-10-10,CD,K39,5.0973,to_fill,500.0,28.1,230.0,2023-10-10 09:25:00,2023-10-16 09:35:00,47.4,23.2,0.0,1
113,2341B,2023-10-11,JP,K39,5.0431,to_fill,500.0,30.0,300.0,2023-10-11 09:00:00,2023-10-17 09:35:00,33.0,23.0,0.0,1
114,2341C,2023-10-12,NM,K38,10.044,to_fill,500.0,21.9,230.0,2023-10-12 08:00:00,2023-10-18 08:10:00,41.5,23.2,0.0,1
115,2341D,2023-10-13,NM,K39,10.0666,to_fill,500.0,31.0,230.0,2023-10-13 08:30:00,2023-10-19 08:55:00,47.0,25.0,0.0,1
116,2342A,2023-10-17,JP,K39,10.0867,to_fill,500.0,28.0,230.0,2023-10-17 08:20:00,2023-10-23 09:05:00,48.0,23.0,0.0,1
117,2342B,2023-10-18,NM,K39,10.0678,to_fill,500.0,30.2,230.0,2023-10-18 08:55:00,2023-10-24 09:07:00,58.8,24.0,0.0,1
118,2342C,2023-10-19,NM,K39,10.0981,to_fill,500.0,24.8,230.0,2023-10-19 09:00:00,2023-10-25 09:45:00,48.0,23.3,0.0,1
119,2342D,2023-10-20,JP,MIX,10.0475,to_fill,500.0,24.0,230.0,2023-10-20 09:20:00,2023-10-26 07:45:00,44.0,22.0,0.0,1
120,2343A,2023-10-24,CD,K42,10.0456,to_fill,500.0,24.6,230.0,2023-10-24 08:50:00,2023-10-29 08:30:00,55.5,17.8,0.0,1
121,2343B,2023-10-25,NM,K42,10.1902,to_fill,500.0,26.0,230.0,2023-10-25 07:50:00,2023-10-31 09:00:00,61.0,19.8,0.0,1
122,2343D,2023-10-27,NM,K42,10.0158,to_fill,500.0,26.8,230.0,2023-10-27 14:00:00,2023-11-02 08:20:00,51.1,19.7,0.0,1
123,2344A,2023-10-31,CD,K43,10.0042,to_fill,500.0,25.7,230.0,2023-10-31 08:30:00,2023-11-06 09:40:00,58.2,18.8,0.0,1
124,2344B,2023-11-02,JP,K42,10.0394,to_fill,500.0,25.0,203.0,2023-11-02 09:40:00,2023-11-08 11:00:00,52.0,18.0,0.0,1
125,2344C,2023-11-03,MM,K43,5.041,to_fill,500.0,24.3,230.0,2023-11-03 12:40:00,2023-11-09 09:12:00,47.5,18.1,0.0,1
126,2345A,2023-11-07,CD,K43,20.141,to_fill,500.0,27.1,230.0,2023-11-07 10:10:00,2023-11-13 08:30:00,36.8,20.6,0.0,1
127,2345B,2023-11-08,CD,K43,10.0678,to_fill,500.0,28.5,230.0,2023-11-08 13:45:00,2023-11-14 08:32:00,35.7,21.5,0.0,1
128,2345C,2023-11-09,NM,K43,10.0583,to_fill,500.0,28.5,230.0,2023-11-09 14:00:00,2023-11-15 08:45:00,42.8,21.5,0.0,1
129,2345D,2023-11-10,NM,K43,10.0321,to_fill,500.0,29.1,230.0,2023-11-10 13:45:00,2023-11-16 08:35:00,37.1,21.7,0.0,1
130,2346A,2023-11-14,NM,K45,40.0152,to_fill,500.0,28.5,230.0,2023-11-14 08:45:00,2023-11-20 08:45:00,64.2,21.6,0.0,1
131,2346B,2023-11-15,CD,K43,10.0772,to_fill,500.0,29.1,230.0,2023-11-15 08:40:00,2023-11-21 07:40:00,44.7,21.8,0.0,1
132,2346C,2023-11-16,NM,K45,10.0917,to_fill,500.0,0.0,230.0,2023-11-16 08:15:00,2023-11-22 07:55:00,44.0,25.0,0.0,1
133,2346D,2023-11-17,CD,K45,10.0354,to_fill,500.0,0.0,230.0,2023-11-17 10:30:00,2023-11-23 07:45:00,0.0,0.0,0.0,1
134,2347A,2023-11-21,NM,K46,10.02,to_fill,500.0,27.1,230.0,2023-11-21 07:45:00,2023-11-27 09:00:00,42.8,20.6,0.0,1
135,2347B,2023-11-22,NM,K46,10.0452,to_fill,500.0,27.6,230.0,2023-11-22 07:55:00,2023-11-25 08:30:00,37.6,20.9,0.0,1
136,2347C,2023-11-23,NM,K46,20.0269,to_fill,500.0,27.6,230.0,2023-11-23 08:10:00,2023-11-29 08:20:00,20.5,25.0,0.0,1
137,2347D,2023-11-24,CD,K47,5.0834,to_fill,500.0,29.6,230.0,2023-11-24 12:40:00,2023-11-30 09:35:00,36.8,21.3,0.0,1
138,2348A,2023-11-28,NM,K46,10.8357,to_fill,500.0,27.9,230.0,2023-11-28 11:20:00,2023-12-04 08:50:00,33.0,21.2,0.0,1
139,2348B,2023-11-29,CD,K45,10.0154,to_fill,500.0,27.4,230.0,2023-11-29 09:38:00,2023-12-05 07:30:00,23.7,19.9,0.0,1
140,2348C,2023-11-30,NM,K46,10.016,to_fill,500.0,27.6,230.0,2023-11-30 08:20:00,2023-11-06 07:35:00,52.0,20.9,0.0,1
141,2348D,2023-12-01,NM,K46,20.0505,to_fill,500.0,27.9,230.0,2023-12-01 14:00:00,2023-12-07 08:20:00,38.5,20.8,0.0,1
142,2349A,2023-12-05,JP,MIX,20.1212,to_fill,500.0,27.0,230.0,2023-12-05 07:20:00,2023-12-11 09:00:00,20.0,25.0,0.0,1
143,2349B,2023-12-06,NM,K48,10.0504,to_fill,500.0,27.4,230.0,2023-12-06 08:20:00,2023-12-12 08:35:00,28.4,20.5,0.0,1
144,2349C,2023-12-07,CD,K48,10.0256,to_fill,500.0,27.9,230.0,2023-12-07 09:35:00,2023-12-13 07:30:00,24.9,20.9,0.0,1
145,2349D,2023-12-08,JP,K48,20.1802,to_fill,500.0,27.0,230.0,2023-12-08 08:15:00,2023-12-14 07:45:00,40.0,22.0,0.0,1
146,2349E,2023-12-08,JP,K48,10.0289,to_fill,500.0,27.0,230.0,2023-12-08 08:20:00,2023-12-14 07:40:00,40.0,22.0,0.0,1
147,2350A,2023-12-12,NM,K49,10.0265,to_fill,500.0,28.2,230.0,2023-12-12 08:40:00,2023-12-18 08:00:00,47.7,21.4,0.0,1
148,2350B,2023-12-13,CD,K49,10.0056,to_fill,500.0,28.0,230.0,2023-12-13 08:25:00,2023-12-19 08:35:00,37.3,21.9,0.0,1
149,2350C,2023-12-14,JP,K49,10.027,to_fill,500.0,27.0,230.0,2023-12-14 07:50:00,2023-12-20 08:00:00,28.0,21.0,0.0,1
150,2350D,2023-12-23,NM,K49,10.0289,to_fill,500.0,29.1,230.0,2012-12-15 11:10:00,2023-12-21 07:20:00,36.1,21.8,0.0,1
151,2350E,2023-12-15,NM,K49,10.0679,to_fill,500.0,29.0,230.0,2023-12-15 12:00:00,2023-12-21 07:20:00,35.0,23.0,0.0,1
152,2401D,2024-01-05,JP,K01,10.0729,to_fill,500.0,27.0,230.0,2024-01-05 08:10:00,2024-01-11 08:20:00,21.0,37.0,0.0,1
153,2401E,2024-01-05,JP,K01,20.0999,to_fill,500.0,27.0,230.0,2024-01-05 08:10:00,2024-01-11 08:50:00,37.0,21.0,0.0,1
154,2402B,2024-01-10,JP,K01+02,20.1271,to_fill,500.0,28.0,230.0,2024-01-10 08:00:00,2024-01-16 07:35:00,19.0,20.0,0.0,1
155,2402C,2024-01-11,CD,K02,10.0479,to_fill,500.0,28.5,250.0,2024-01-11 08:55:00,2024-01-17 07:35:00,20.4,19.4,0.0,1
156,2402D,2024-01-12,JP,K02,10.0725,to_fill,500.0,27.0,230.0,2024-01-12 08:10:00,2024-01-18 07:50:00,20.0,20.0,0.0,1
157,2403A,2024-01-16,JP,K02,10.061,to_fill,500.0,28.0,230.0,2024-01-16 07:30:00,2024-01-22 08:00:00,35.0,20.0,0.0,1
158,2403B,2024-01-17,CD,K02,20.1157,to_fill,500.0,28.8,230.0,2024-01-17 09:05:00,2024-01-23 07:20:00,39.8,21.1,0.0,1
159,2403C,2024-01-18,JP,K02,20.0938,to_fill,500.0,28.0,230.0,2024-01-18 08:00:00,2024-01-24 07:44:00,40.0,21.0,0.0,1
160,2403D,2024-01-19,CD,K03,10.054,to_fill,500.0,0.0,230.0,2024-01-19 16:00:00,2024-01-25 07:25:00,0.0,20.4,0.0,1
161,2404A,2024-01-23,CD,K03,20.0918,to_fill,500.0,27.1,230.0,2024-01-23 07:25:00,2024-01-29 08:25:00,48.6,19.3,0.0,1
162,2404B,2024-01-24,JP,K03,20.0891,to_fill,500.0,28.0,230.0,2024-01-24 07:44:00,2024-01-30 07:30:00,49.0,20.0,0.0,1
163,2404C,2024-01-25,CD,K03,20.1444,to_fill,500.0,28.0,230.0,2024-01-25 07:25:00,2024-01-31 07:40:00,38.0,20.2,0.0,1
164,2404D,2024-01-16,JP,K03,20.0854,to_fill,500.0,29.0,203.0,2024-01-16 07:30:00,2024-02-01 07:25:00,40.0,20.0,0.0,1
165,2405A,2024-01-30,JP,K03,20.0569,to_fill,500.0,28.0,230.0,2024-01-30 07:30:00,2024-02-05 07:31:00,40.0,20.0,0.0,1
166,2405B,2024-01-31,CD,K03,20.0865,to_fill,500.0,27.8,230.0,2024-01-31 07:45:00,2024-02-06 07:30:00,33.6,20.4,0.0,1
167,2405C,2024-02-01,JP,K04,20.0249,to_fill,500.0,27.0,230.0,2024-02-01 07:30:00,2024-02-07 07:40:00,41.0,19.0,0.0,1
168,2405D,2024-02-02,CD,K04,20.0359,to_fill,500.0,28.2,230.0,2024-02-02 09:00:00,2024-02-08 08:15:00,44.2,20.3,0.0,1
169,2406A,2024-02-06,CD,K04,20.0245,to_fill,500.0,26.0,230.0,2024-02-06 07:30:00,2024-02-12 09:35:00,36.2,18.2,0.0,1
170,2406B,2024-02-07,JP,K04,20.0,to_fill,500.0,27.0,230.0,2024-02-07 07:40:00,2024-02-13 07:40:00,36.0,18.0,0.0,1
171,2406C,2024-02-08,CD,K04,20.0303,to_fill,500.0,27.6,230.0,2024-02-08 08:20:00,2024-02-14 07:50:00,47.9,19.8,0.0,1
172,2406D,2024-02-09,JP,K04,10.0175,to_fill,500.0,28.0,203.0,2024-02-09 07:40:00,2024-02-15 07:30:00,35.0,20.0,0.0,1
173,2407A,2024-02-13,JP,K04+06,20.0243,to_fill,500.0,27.0,230.0,2024-02-13 07:35:00,2024-02-19 07:35:00,38.0,19.0,0.0,1
174,2407B,2024-02-14,CD,K06B,10.0845,to_fill,500.0,28.0,230.0,2024-02-14 08:15:00,2024-02-20 07:50:00,34.7,20.0,0.0,1
175,2407C,2024-02-15,JP,K07,20.133,to_fill,500.0,27.0,230.0,2024-02-15 07:40:00,2024-02-21 07:40:00,34.0,20.0,0.0,1
176,2407D,2023-02-16,CD,K07,10.113,to_fill,500.0,28.5,230.0,2023-02-16 07:45:00,2024-02-22 08:00:00,45.4,20.9,0.0,1
177,2409B,2024-02-28,JP,K07,10.055,to_fill,500.0,27.0,230.0,2024-02-28 08:00:00,2024-03-05 08:00:00,19.0,20.0,0.0,2
178,2409C,2024-02-29,CD,K06A,10.0235,to_fill,500.0,28.2,230.0,2024-02-29 09:05:00,2024-03-09 08:45:00,39.5,20.4,0.0,1
179,2409H,2024-03-01,JP,K06,20.1354,to_fill,500.0,27.0,230.0,2024-03-01 08:00:00,2024-03-07 08:10:00,32.0,19.0,0.0,2
180,2409E,2024-03-01,JP,K06,20.0673,to_fill,500.0,27.0,230.0,2024-03-01 08:00:00,2024-03-07 08:10:00,32.0,19.0,0.0,2
181,2409F,2024-03-01,JP,K06,21.0077,to_fill,500.0,28.0,230.0,2024-03-01 08:30:00,2024-03-07 08:10:00,32.0,19.0,0.0,2
182,2409G,2024-03-01,JP,K MIX,21.8712,to_fill,500.0,28.0,230.0,2024-03-01 08:30:00,2024-03-07 08:10:00,32.0,19.0,0.0,2
183,2410A,2024-03-06,CD,K10,20.0344,to_fill,500.0,30.0,230.0,2024-03-06 12:05:00,2024-03-12 07:40:00,34.5,21.5,0.0,2
184,2410B,2024-03-06,CD,K10,20.0416,to_fill,500.0,30.0,230.0,2024-03-06 12:05:00,2024-03-12 07:40:00,34.5,21.5,0.0,2
185,2410C,2024-03-06,CD,K10,20.0114,to_fill,500.0,30.0,230.0,2024-03-06 12:05:00,2024-03-12 07:40:00,34.5,21.5,0.0,2
186,2410D,2024-03-06,CD,K10,20.079,to_fill,500.0,30.0,230.0,2024-03-06 12:05:00,2024-03-12 07:40:00,34.5,21.5,0.0,2
187,2410E,2024-03-07,CD,K10,20.0435,to_fill,500.0,28.8,230.0,2024-03-07 11:40:00,2024-03-13 07:30:00,29.9,20.8,0.0,1
188,2410F,2024-03-07,CD,K10,20.0388,to_fill,500.0,28.8,230.0,2024-03-07 11:40:00,2024-03-13 07:30:00,29.9,20.8,0.0,1
189,2410G,2024-03-07,CD,K10,20.0261,to_fill,500.0,28.8,130.0,2024-03-07 11:40:00,2024-03-13 07:30:00,39.9,20.8,0.0,1
190,2410H,2024-03-07,CD,K10,20.108,to_fill,500.0,28.8,230.0,2024-03-07 11:40:00,2024-03-13 07:30:00,29.9,20.8,0.0,1
191,2411B,2024-03-13,JP,K11,20.0767,to_fill,500.0,28.0,230.0,2024-03-13 07:15:00,2024-03-19 07:40:00,33.0,19.0,0.0,2
192,2411C,2024-03-13,JP,K11,20.019,to_fill,500.0,28.0,230.0,2024-03-13 08:00:00,2024-03-20 07:35:00,32.0,20.0,0.0,2
193,2411D,2024-03-15,JP,K10+11,7.8352,to_fill,500.0,29.0,230.0,2024-03-15 08:00:00,2024-03-21 07:30:00,31.0,21.0,0.0,1
194,2412A,2024-03-19,JP,K11,20.0048,to_fill,500.0,30.0,230.0,2024-03-19 08:20:00,2024-03-25 07:30:00,36.0,22.0,0.0,1
195,2412B,2024-03-20,CD,K11,20.0054,to_fill,500.0,30.1,230.0,2014-03-20 07:45:00,2024-03-26 07:50:00,31.3,20.1,0.0,1
196,2412C,2024-03-21,JP,K11,20.046,to_fill,500.0,30.0,230.0,2024-03-21 07:30:00,2024-03-27 07:30:00,42.0,22.0,0.0,1
197,2412D,2024-03-22,CD,K11,20.03,to_fill,500.0,29.2,230.0,2024-03-22 09:35:00,2024-03-28 07:25:00,46.3,21.7,0.0,1
198,2413C,2024-03-27,JP,K11,20.029,to_fill,500.0,30.0,230.0,2024-03-27 07:30:00,2024-04-02 07:30:00,29.0,20.0,0.0,1
199,2413E,2024-03-28,CD,K11,20.0161,to_fill,500.0,28.2,230.0,2024-03-28 08:25:00,2024-04-03 08:00:00,27.6,20.1,0.0,1
200,2413G,2024-03-29,JP,K11,20.0175,to_fill,500.0,31.0,230.0,2024-03-29 07:30:00,2024-04-04 07:15:00,42.0,21.0,0.0,1
201,2414A,2024-04-02,JP,K11,20.0041,to_fill,500.0,29.0,230.0,2024-04-02 07:30:00,2024-04-08 07:30:00,32.0,20.0,0.0,1
202,2414B,2024-04-03,CD,K11,20.0439,to_fill,500.0,30.0,230.0,2024-04-03 08:20:00,2024-04-09 07:40:00,41.0,21.5,0.0,1
203,2414C,2024-04-04,JP,K13,20.0142,to_fill,500.0,30.0,230.0,2024-04-04 08:20:00,2024-04-10 07:30:00,41.0,20.0,0.0,0
204,2414D,2024-04-05,CD,K13,20.051,to_fill,500.0,33.0,230.0,2024-04-05 08:40:00,2024-04-11 08:20:00,32.7,23.4,0.0,0
205,2415A,2024-04-09,CD,K13,20.0717,to_fill,500.0,30.1,230.0,2024-04-09 08:40:00,2024-04-15 08:05:00,30.7,22.2,0.0,0
206,2415B,2024-04-09,CD,K13,20.0385,to_fill,500.0,30.1,230.0,2024-04-09 08:40:00,2024-04-15 08:05:00,30.7,22.2,0.0,0
207,2415C,2024-04-10,JP,K13,20.005,to_fill,500.0,31.0,230.0,2024-04-10 07:30:00,2024-04-16 08:20:00,31.0,22.0,0.0,3
208,2415D,2024-04-10,JP,K13,20.0885,to_fill,500.0,31.0,230.0,2024-04-10 07:30:00,2024-04-16 08:20:00,31.0,20.0,0.0,3
209,2315E,2024-04-12,JP,K14,20.073,to_fill,500.0,32.0,230.0,2024-04-12 08:30:00,2024-04-18 08:10:00,39.0,23.0,0.0,3
210,2415F,2024-04-12,JP,K14,20.0034,to_fill,500.0,31.0,230.0,2024-04-12 08:30:00,2024-04-18 08:10:00,39.0,23.0,0.0,3
211,2415G,2024-04-12,JP,K14,20.0427,to_fill,500.0,32.0,230.0,2024-04-12 08:30:00,2024-04-18 08:15:00,39.0,23.0,0.0,3
212,2415H,2024-04-12,JP,K14,20.0242,to_fill,500.0,31.0,230.0,2024-04-12 10:30:00,2024-04-18 08:15:00,39.0,23.0,0.0,3
213,2416B,2024-04-16,CD,K14,20.0546,to_fill,500.0,32.5,250.0,2024-04-16 09:50:00,2024-04-22 08:50:00,29.8,23.8,0.0,0
214,2416E,2024-04-18,CD,K15,20.0022,to_fill,500.0,29.7,230.0,2024-04-18 09:45:00,2024-04-24 08:40:00,25.4,21.4,0.0,3
215,2416F,2024-04-18,CD,K15,20.0371,to_fill,500.0,29.7,230.0,2024-04-18 09:45:00,2024-04-24 08:40:00,25.4,21.4,0.0,3
216,2416G,2024-04-18,CD,K15,20.0241,to_fill,500.0,29.7,230.0,2024-04-18 09:45:00,2024-04-24 08:45:00,25.4,21.4,0.0,3
217,2416H,2024-04-18,CD,K15,20.007,to_fill,500.0,29.7,230.0,2024-04-18 09:45:00,2024-04-24 08:45:00,25.4,21.4,0.0,3
218,2417A,2024-04-23,CD,K15,20.016,to_fill,500.0,27.1,230.0,2024-04-23 08:50:00,2024-04-29 07:45:00,22.3,18.3,0.0,0
219,2417B,2024-04-23,CD,K15,20.0297,to_fill,500.0,27.1,230.0,2024-04-23 08:50:00,2024-04-29 07:45:00,22.3,18.3,0.0,3
220,2417C,2024-04-23,CD,K15,20.0096,to_fill,500.0,27.1,230.0,2024-04-23 08:50:00,2024-04-29 07:45:00,22.3,18.3,0.0,3
221,2417D,2024-04-23,CD,K17,20.0298,to_fill,500.0,27.1,230.0,2024-04-23 08:50:00,2024-04-29 07:45:00,22.3,18.3,0.0,3
222,2417E,2024-04-24,CD,K17,20.0122,to_fill,500.0,28.0,230.0,2024-04-24 11:30:00,2024-04-30 09:10:00,32.9,18.8,0.0,3
223,2417F,2024-04-24,CD,K17,20.0282,to_fill,500.0,28.0,230.0,2024-04-24 11:30:00,2024-04-30 09:10:00,32.9,18.8,0.0,3
224,2417G,2024-04-24,CD,K17,20.0029,to_fill,500.0,28.0,230.0,2024-04-24 11:30:00,2024-04-30 09:15:00,32.9,18.8,0.0,3
225,2418A,2024-04-30,CD,K17,20.0355,to_fill,500.0,27.1,230.0,2024-04-30 08:40:00,2024-05-06 07:45:00,40.6,19.2,0.0,0
226,2418B,2024-04-30,CD,K17,10.0014,to_fill,500.0,27.1,230.0,2024-04-30 08:40:00,2024-05-06 07:45:00,40.6,19.2,0.0,0
227,2418C,2024-04-30,CD,K17+13,20.9318,to_fill,500.0,27.1,230.0,2024-04-30 08:40:00,2024-05-06 07:45:00,40.6,19.2,0.0,3
228,2418D,2024-04-30,CD,K17,20.0282,to_fill,500.0,27.1,230.0,2024-04-30 08:40:00,2024-05-06 07:45:00,40.6,19.2,0.0,3
229,2419A,2024-05-10,JP,K18A,20.0525,to_fill,500.0,27.0,230.0,2024-05-10 08:00:00,2024-05-16 08:00:00,49.0,19.0,0.0,3
230,2419B,2024-05-10,JP,K18B,20.0105,to_fill,500.0,27.0,230.0,2024-05-10 08:00:00,2024-05-16 08:00:00,40.0,19.0,0.0,3
231,2420A,2024-05-16,JP,K18A,20.0718,to_fill,500.0,27.0,230.0,2024-05-16 08:00:00,2024-05-21 08:00:00,40.0,21.0,0.0,3
232,2420B,2024-05-17,CD,K17,20.0501,to_fill,500.0,28.0,230.0,2024-05-17 08:15:00,2024-05-23 07:30:00,41.1,20.7,0.0,3
233,2421B,2024-05-22,JP,K18A,20.0162,to_fill,500.0,27.0,230.0,2024-05-22 08:00:00,2024-05-28 08:10:00,40.0,20.0,0.0,3
234,2421C,2024-05-23,CD,K18,20.0129,to_fill,500.0,28.2,230.0,2024-05-23 07:30:00,2024-05-29 08:00:00,46.0,20.8,0.0,0
235,2421D,2024-05-24,JP,K18A,10.0,to_fill,500.0,27.0,230.0,2024-05-24 08:00:00,2024-05-30 08:00:00,40.0,21.0,0.0,3
236,2422A,2024-05-28,CD,K17,20.0,to_fill,500.0,29.7,230.0,2024-05-28 09:20:00,2024-06-03 07:30:00,39.4,21.5,0.0,3
237,2422B,2024-05-28,CD,K17B,20.0,to_fill,500.0,29.7,230.0,2024-05-28 09:20:00,2024-06-03 07:35:00,39.4,21.5,0.0,3
238,2422C,2024-05-28,CD,K18B,20.071,to_fill,500.0,29.7,230.0,2024-05-28 09:20:00,2024-06-03 07:38:00,39.4,21.5,0.0,0
239,2422D,2024-05-28,CD,K18B,20.0175,to_fill,500.0,29.7,230.0,2024-05-28 09:20:00,2024-06-03 07:40:00,39.4,21.5,0.0,3
240,2422E,2024-05-30,CD,K18B,20.0261,to_fill,500.0,31.0,230.0,2024-05-30 09:25:00,2024-06-05 07:30:00,46.4,23.0,0.0,3
241,2422F,2024-05-30,CD,K21,20.0419,to_fill,500.0,31.0,230.0,2024-05-30 09:25:00,2024-05-06 07:30:00,46.4,23.0,0.0,3
242,2422G,2024-05-30,CD,K21,20.107,to_fill,500.0,31.0,230.0,2024-05-30 09:25:00,2024-06-05 07:30:00,46.4,23.0,0.0,3
243,2423A,2024-06-04,JP,K21,20.034,to_fill,500.0,30.0,230.0,2024-06-04 08:00:00,2024-06-10 08:00:00,41.0,22.0,0.0,1
244,2423E,2024-06-06,CD,K21,20.003,to_fill,500.0,32.0,230.0,2024-06-06 09:25:00,2024-06-12 07:35:00,41.3,24.0,0.0,0
245,2423F,2024-06-06,CD,K21,20.0922,to_fill,500.0,32.0,230.0,2024-06-06 09:25:00,2024-06-12 07:35:00,41.3,24.0,0.0,0
246,2423G,2024-06-06,CD,K21,20.05,to_fill,500.0,32.0,230.0,2024-06-06 09:25:00,2024-06-12 07:35:00,41.3,24.0,0.0,0
247,2423H,2024-06-06,CD,K21,20.1554,to_fill,500.0,32.0,230.0,2024-06-06 09:25:00,2024-06-12 07:35:00,41.3,24.0,0.0,0
248,2424A,2024-06-11,CD,K21,20.0924,to_fill,500.0,32.0,230.0,2024-06-11 08:05:00,2024-06-17 07:40:00,40.3,23.5,0.0,1
249,2424B,2024-06-11,CD,K21,20.03,to_fill,500.0,32.0,230.0,2024-06-11 08:05:00,2024-06-17 07:44:00,40.3,23.5,0.0,0
250,2424C,2024-06-11,CD,K21,20.089,to_fill,500.0,32.0,230.0,2024-06-11 08:05:00,2024-06-17 07:48:00,40.3,23.5,0.0,0
251,2424D,2024-06-11,CD,K21,20.1056,to_fill,500.0,32.0,230.0,2024-06-11 08:05:00,2024-06-17 07:52:00,40.3,23.5,0.0,0
252,2425C,2024-06-20,JP,K24,20.018,to_fill,500.0,30.0,230.0,2024-06-20 08:30:00,2024-06-26 08:05:00,56.0,22.0,0.0,0
253,2425D,2024-06-20,JP,K24,20.0259,to_fill,500.0,30.0,230.0,2024-06-20 08:30:00,2024-06-26 08:14:00,56.0,22.0,0.0,0
254,2425E,2024-06-20,JP,K24,20.0668,to_fill,500.0,30.0,230.0,2024-06-20 08:30:00,2024-06-26 08:07:00,58.0,20.0,0.0,1
255,2425F,2024-06-20,JP,K24,20.0011,to_fill,500.0,30.0,230.0,2024-06-20 08:30:00,2024-06-26 08:11:00,58.0,22.0,0.0,1
256,2426A,2024-06-25,JP,K24,20.0638,to_fill,500.0,32.0,230.0,2025-06-20 08:30:00,2024-07-01 07:30:00,59.0,24.0,0.0,1
257,2426B,2024-06-25,JP,K24,20.0386,to_fill,500.0,32.0,230.0,2025-06-20 08:30:00,2024-07-01 07:30:00,59.0,24.0,0.0,0
258,2426C,2024-06-25,JP,K24,20.0638,to_fill,500.0,32.0,230.0,2025-06-20 08:30:00,2024-07-01 07:30:00,59.0,24.0,0.0,0
259,2426D,2024-06-25,JP,K24,20.0356,to_fill,500.0,32.0,230.0,2025-06-20 08:30:00,2024-07-01 07:30:00,59.0,24.0,0.0,0
260,2426E,2024-06-27,CD,K24,20.0568,to_fill,500.0,35.0,230.0,2024-06-27 08:50:00,2024-07-03 07:30:00,51.7,27.8,0.0,0
261,2426F,2024-06-27,CD,K24,20.0204,to_fill,500.0,35.0,230.0,2024-06-27 08:50:00,2024-07-03 07:30:00,51.7,27.8,0.0,0
262,2426G,2024-06-27,CD,K24,20.0592,to_fill,500.0,35.0,230.0,2024-06-27 08:50:00,2024-07-03 07:30:00,51.7,27.8,0.0,0
263,2426H,2024-06-27,CD,K24,20.0126,to_fill,500.0,35.0,230.0,2024-06-27 08:50:00,2024-07-03 07:30:00,51.7,27.8,0.0,0
264,2427A,2024-07-02,CD,K24,20.0815,to_fill,500.0,32.0,230.0,2024-07-02 11:55:00,2024-07-08 08:15:00,43.9,24.3,0.0,1
265,2427B,2024-07-02,CD,K24,20.0159,to_fill,500.0,32.0,230.0,2024-07-02 11:55:00,2024-07-08 08:15:00,43.9,24.3,0.0,0
266,2427C,2024-07-02,CD,K24,20.0425,to_fill,500.0,32.0,230.0,2024-07-02 11:55:00,2024-07-08 08:15:00,43.9,24.3,0.0,0
267,2427D,2024-07-02,CD,K24,20.032,to_fill,500.0,32.0,230.0,2024-07-02 11:55:00,2024-07-08 08:15:00,43.9,24.3,0.0,0
268,2427E,2024-07-03,CD,K26,20.0469,to_fill,500.0,31.0,230.0,2024-07-03 09:00:00,2024-07-09 08:10:00,45.8,22.5,0.0,1
269,2427F,2024-07-03,CD,K26,20.0259,to_fill,500.0,31.0,230.0,2024-07-03 09:00:00,2024-07-09 08:10:00,45.8,22.5,0.0,1
270,2427G,2024-07-03,CD,K26,20.0675,to_fill,500.0,31.0,230.0,2024-07-03 09:00:00,2024-07-09 08:10:00,45.8,22.5,0.0,1
271,2427H,2024-07-03,CD,K26,20.0045,to_fill,500.0,31.0,230.0,2024-07-03 09:00:00,2024-07-09 08:10:00,45.8,22.5,0.0,1
272,2428A,2024-07-11,CD,K26,20.0055,to_fill,500.0,31.0,230.0,2024-07-11 09:20:00,2024-07-17 08:00:00,60.0,25.0,0.0,1
273,2428B,2024-07-11,CD,K26,20.0293,to_fill,500.0,31.0,230.0,2024-07-11 09:20:00,2024-07-17 08:00:00,60.0,25.0,0.0,1
274,2428C,2024-07-11,CD,K26,20.0492,to_fill,500.0,31.0,230.0,2024-07-11 09:20:00,2024-07-17 08:00:00,60.0,25.0,0.0,1
275,2428D,2024-07-11,CD,K26,20.0528,to_fill,500.0,31.0,230.0,2024-07-11 09:20:00,2024-07-17 08:00:00,60.0,25.0,0.0,1
276,2430A,2024-07-22,JP,K28,20.1034,to_fill,500.0,30.0,230.0,2024-07-22 08:15:00,2024-07-29 09:10:00,54.0,21.0,0.0,1
277,2430B,2024-07-22,JP,K28,20.0612,to_fill,500.0,30.0,230.0,2024-07-22 08:15:00,2024-07-29 09:10:00,54.0,21.0,0.0,1
278,2430C,2024-07-22,JP,K28,20.041,to_fill,500.0,30.0,230.0,2024-07-22 08:15:00,2024-07-29 09:10:00,54.0,21.0,0.0,1
279,2430D,2024-07-22,JP,K28,20.0645,to_fill,500.0,30.0,230.0,2024-07-22 08:15:00,2024-07-29 09:10:00,54.0,21.0,0.0,1
280,2431A,2024-07-30,JP,K28,20.07,to_fill,500.0,35.0,230.0,2024-07-22 08:30:00,2024-08-05 10:00:00,55.0,27.0,0.0,1
281,2431B,2024-07-30,JP,K28,20.06,to_fill,500.0,35.0,230.0,2024-07-22 08:30:00,2024-08-05 10:00:00,55.0,27.0,0.0,1
282,2431C,2024-07-30,JP,K28,20.08,to_fill,500.0,35.0,230.0,2024-07-22 08:30:00,2024-08-05 10:00:00,55.0,27.0,0.0,1
283,2431D,2024-07-30,JP,K28,20.102,to_fill,500.0,35.0,230.0,2024-07-22 08:30:00,2024-08-05 10:00:00,55.0,27.0,0.0,1
284,2432A,2024-08-06,JP,K28,20.05,to_fill,500.0,34.0,230.0,2024-08-06 09:00:00,2024-08-12 08:00:00,51.0,25.0,0.0,1
285,2432B,2024-08-06,JP,K31,20.09,to_fill,500.0,34.0,230.0,2024-08-06 09:00:00,2024-08-12 08:00:00,51.0,25.0,0.0,1
286,2432C,2024-08-06,JP,K31,20.08,to_fill,500.0,34.0,230.0,2024-08-06 09:00:00,2024-08-12 08:00:00,51.0,25.0,0.0,1
287,2432D,2024-08-06,JP,K31,20.005,to_fill,500.0,34.0,230.0,2024-08-06 09:00:00,2024-08-12 08:00:00,51.0,25.0,0.0,1
288,2433A,2024-08-13,JP,K31,20.04,to_fill,500.0,34.0,230.0,2024-08-13 08:00:00,2024-09-19 07:25:00,57.0,27.0,0.0,1
289,2433C,2024-08-13,JP,K31,20.09,to_fill,500.0,34.0,230.0,2024-08-13 08:00:00,2024-09-19 07:25:00,57.0,27.0,0.0,1
290,2433D,2024-08-13,JP,K31,20.009,to_fill,500.0,34.0,230.0,2024-08-13 08:00:00,2024-09-19 07:25:00,57.0,27.0,0.0,1
291,2434A,2024-08-20,JP,K31,20.0,to_fill,500.0,33.0,230.0,2024-08-20 11:00:00,2024-08-26 07:50:00,40.0,25.0,0.0,1
292,2434B,2024-08-20,JP,K31,20.0,to_fill,500.0,33.0,230.0,2024-08-20 11:00:00,2024-08-26 07:50:00,40.0,25.0,0.0,1
293,2434C,2024-08-20,JP,K31,20.0,to_fill,500.0,33.0,230.0,2024-08-20 11:00:00,2024-08-26 07:50:00,40.0,25.0,0.0,1
294,2434G,2024-08-22,LD,K31,20.0,to_fill,500.0,33.0,230.0,2024-08-22 11:00:00,2024-08-28 08:30:00,40.0,25.0,0.0,1
295,2434E,2024-08-22,LD,K31,20.0,to_fill,500.0,33.0,230.0,2024-08-22 11:00:00,2024-08-28 08:30:00,40.0,25.0,0.0,1
296,2434F,2024-08-22,LD,K31,20.0,to_fill,500.0,33.0,230.0,2024-08-22 11:00:00,2024-08-28 08:30:00,40.0,25.0,0.0,1
297,2435A,2024-08-27,JP,K34,20.0,to_fill,500.0,32.0,230.0,2024-08-27 11:00:00,2024-09-02 08:00:00,33.0,24.0,0.0,1
298,2435B,2024-08-27,JP,K34,20.0,to_fill,500.0,32.0,230.0,2024-08-27 11:00:00,2024-09-02 08:00:00,33.0,24.0,0.0,1
299,2435C,2024-08-27,JP,K34,20.0,to_fill,500.0,32.0,230.0,2024-08-27 11:00:00,2024-09-02 08:00:00,33.0,24.0,0.0,1
300,2435D,2024-08-29,JP,K34,20.0,to_fill,500.0,32.0,230.0,2024-08-29 14:00:00,2024-09-03 09:00:00,58.0,23.0,0.0,1
301,2435E,2024-08-29,JP,K34,20.0,to_fill,500.0,32.0,230.0,2024-08-29 14:00:00,2024-09-03 09:00:00,58.0,23.0,0.0,1
302,2435F,2024-08-29,JP,K34,20.0,to_fill,500.0,32.0,230.0,2024-08-29 14:00:00,2024-09-03 09:00:00,58.0,23.0,0.0,1
303,2436A,2024-09-03,JP,K34,20.0,to_fill,500.0,31.0,230.0,2024-09-03 07:30:00,2024-09-09 08:00:00,60.0,23.0,0.0,1
304,2436B,2024-09-03,JP,K34,20.0,to_fill,500.0,31.0,230.0,2024-09-03 07:30:00,2024-09-09 08:00:00,60.0,23.0,0.0,1
305,2436C,2024-09-03,JP,K34,20.0,to_fill,500.0,31.0,230.0,2024-09-03 07:30:00,2024-09-09 08:00:00,60.0,23.0,0.0,1
306,2436D,2024-09-05,JP,K33,20.0,to_fill,500.0,31.0,230.0,2024-09-05 08:40:00,2024-09-10 08:00:00,52.0,21.0,0.0,1
307,2436E,2024-09-05,JP,K33,20.0,to_fill,500.0,31.0,230.0,2024-09-05 08:40:00,2024-09-11 08:30:00,52.0,21.0,0.0,1
308,2436F,2024-09-05,JP,K33,20.0,to_fill,500.0,31.0,230.0,2024-09-05 08:40:00,2024-09-11 08:30:00,52.0,21.0,0.0,1
309,2436G,2024-09-05,JP,K33,20.0,to_fill,500.0,31.0,230.0,2024-09-05 14:00:00,2024-09-11 08:30:00,52.0,21.0,0.0,1
310,2436H,2024-09-05,JP,K33,20.0,to_fill,500.0,31.0,230.0,2024-09-05 14:00:00,2024-09-11 08:30:00,52.0,21.0,0.0,1
311,2437A,2024-09-09,JP,K36,20.0,to_fill,500.0,31.0,230.0,2024-09-09 08:00:00,2024-09-16 08:00:00,47.0,23.0,0.0,1
312,2437B,2024-09-09,JP,K36,20.0,to_fill,500.0,31.0,230.0,2024-09-09 08:00:00,2024-09-16 08:00:00,47.0,23.0,0.0,1
313,2437C,2024-09-09,JP,K36,20.0,to_fill,500.0,31.0,230.0,2024-09-09 08:00:00,2024-09-16 08:00:00,47.0,23.0,0.0,1
314,2437D,2024-09-09,JP,K36,20.0,to_fill,500.0,31.0,230.0,2024-09-09 08:00:00,2024-09-16 08:00:00,47.0,23.0,0.0,1
315,2438B,2024-09-17,JP,K36,20.0,to_fill,500.0,29.0,230.0,2024-09-17 08:30:00,2024-09-23 08:30:00,43.0,21.0,0.0,1
316,2438D,2024-09-17,JP,K36,20.0,to_fill,500.0,29.0,230.0,2024-09-17 08:30:00,2024-09-23 08:30:00,43.0,21.0,0.0,1
317,2439B,2024-09-24,LD,K36,20.0,to_fill,500.0,29.0,230.0,2024-09-24 10:00:00,2024-09-30 09:10:00,53.0,22.0,0.0,1
318,2439D,2024-09-24,LD,K36,20.0,to_fill,500.0,29.0,230.0,2024-09-24 10:00:00,2024-09-30 09:10:00,53.0,22.0,0.0,1
