,Technicien_id,Batch_KC8,Ref_plaque,Vitesse_agitation,Lab_HR,Lab_T,BaG_T,BaG_H2O_ppm,BaG_O2_ppm,Technicien_id.1,Lab_HR.1,Lab_T.1,BaG_T.1,BaG_H2O_ppm.1,BaG_O2_ppm.1,Centrifugation,Technicien_id.2,Lab_HR.2,Lab_T.2,Technicien_id.3,conc_KC8,volume_O2,month_production,days_exfo,sediment_time,exfo_gde_maree
0,2,K01,1,230.0,34.3,20.0,0.0,1,1,2,35.9,21.1,27.9,1,1,1,2,38.8,21.0,2,0.005,0.0,1,5,2100.0,0
1,2,K01,2,230.0,42.2,21.5,0.0,1,1,3,43.0,21.0,28.0,1,1,1,3,42.0,22.0,3,0.005,0.0,1,5,1800.0,0
2,2,K01,3,230.0,37.5,21.5,0.0,1,1,2,38.6,21.4,28.5,1,1,0,2,38.6,21.4,2,0.0096,0.0,1,5,5400.0,0
3,3,K02,1,230.0,42.0,22.0,0.0,1,0,3,31.0,20.0,27.0,1,1,1,3,30.0,20.0,3,0.005,0.0,1,5,1800.0,0
4,2,K02,2,230.0,38.7,21.4,0.0,1,1,2,25.0,21.0,27.4,1,1,0,2,24.2,20.9,2,0.005,0.0,1,4,4800.0,0
5,2,K03,1,230.0,23.0,21.0,0.0,1,0,2,21.0,21.0,27.0,1,1,1,2,22.0,21.0,2,0.005,0.0,1,5,5400.0,2
6,3,K03,2,230.0,25.0,21.0,0.0,1,0,3,23.0,20.0,27.4,1,1,1,3,23.0,21.0,3,0.005,0.0,1,5,1800.0,3
7,2,K03,3,230.0,24.0,21.0,0.0,1,0,2,22.4,20.9,27.9,1,1,1,2,22.0,21.0,2,0.004900000000000001,0.0,1,6,3600.0,3
8,3,K04,1,230.0,22.0,21.0,0.0,1,0,3,24.0,21.0,28.0,1,1,1,3,25.0,21.0,3,0.005,0.0,1,5,1800.0,0
9,2,K04,2,230.0,22.0,21.0,0.0,1,1,2,27.0,22.0,29.0,1,1,1,2,26.0,22.0,2,0.005,0.0,1,5,2400.0,0
10,2,K04,1,230.0,27.0,22.0,0.0,1,1,7,20.0,22.0,29.0,1,1,1,7,25.0,24.0,1,0.005,0.0,2,5,1800.0,0
11,3,K04,2,230.0,24.9,22.1,0.0,0,1,3,0.0,21.8,29.3,1,1,1,3,20.1,22.3,3,0.005,0.0,2,5,1800.0,0
12,2,K04,3,230.0,22.0,22.0,0.0,1,1,3,0.0,21.6,0.0,1,1,1,7,27.0,19.0,1,0.005,0.0,2,5,1800.0,0
13,7,K05,4,230.0,22.0,23.0,0.0,1,0,7,0.0,21.0,29.0,1,1,1,7,0.0,22.0,1,0.005,0.0,2,5,1800.0,0
14,3,K05,1,230.0,0.0,23.5,0.0,1,0,3,21.0,21.0,29.0,1,1,1,3,37.9,23.9,1,0.005,0.0,2,5,1800.0,0
15,2,K05,1,230.0,27.0,21.5,0.0,1,0,2,27.0,22.0,30.0,1,1,1,2,30.0,23.0,1,0.005,0.0,2,5,3600.0,2
16,2,K07,1,230.0,27.0,22.0,0.0,1,1,2,0.0,21.0,29.0,1,1,1,2,0.0,23.0,1,0.005,0.0,2,6,1800.0,2
17,3,K07,2,230.0,41.1,22.5,0.0,1,1,3,0.0,20.1,28.5,1,1,1,2,0.0,23.0,1,0.005,0.0,2,5,1800.0,1
18,2,K07,3,230.0,29.0,22.0,0.0,1,0,2,0.0,21.0,28.0,1,1,1,2,0.0,23.0,1,0.005,0.0,2,5,1800.0,0
19,2,K07,1,230.0,0.0,21.0,0.0,1,0,2,0.0,21.6,28.5,1,1,1,2,20.2,22.2,1,0.01,0.0,3,5,2400.0,0
20,3,K07,2,230.0,0.0,23.3,0.0,1,0,3,30.2,22.4,29.3,1,1,1,2,37.0,24.0,7,0.005,0.0,3,5,1800.0,0
21,2,K07,3,230.0,0.0,22.0,0.0,1,0,2,36.0,23.0,30.0,1,1,1,2,37.0,24.0,7,0.01,0.0,3,5,2100.0,0
22,2,K10,1,230.0,0.0,21.6,0.0,1,0,2,43.8,22.8,29.0,1,1,1,2,37.0,24.0,7,0.005,0.0,3,5,2100.0,0
23,3,K10,2,230.0,31.3,21.6,0.0,1,0,3,34.1,22.2,29.3,1,1,1,3,30.9,23.1,7,0.005,0.0,3,5,1800.0,0
24,2,K10,3,230.0,36.0,23.0,0.0,1,0,2,35.0,23.0,30.0,1,1,1,2,33.0,24.0,2,0.005,0.0,3,5,2100.0,0
25,2,K10,4,230.0,29.6,23.0,0.0,1,0,3,28.9,23.1,0.0,1,1,1,3,32.0,25.0,2,0.01,0.0,3,6,1800.0,0
26,2,K10,1,230.0,35.0,23.0,0.0,1,0,2,27.2,23.2,30.0,1,1,1,2,31.4,24.0,1,0.005,0.0,3,6,1920.0,0
27,3,K10,2,230.0,28.8,22.7,0.0,1,1,3,35.1,20.9,28.2,1,1,1,3,34.8,22.8,1,0.005,0.0,3,5,1800.0,0
28,2,K MIX,3,230.0,32.7,24.0,0.0,1,1,2,37.5,22.7,29.3,1,1,1,2,33.0,24.0,2,0.01,0.0,3,5,2100.0,1
29,6,K12,1,230.0,35.0,20.8,0.0,1,1,6,23.5,23.0,29.6,1,1,1,6,24.0,24.0,6,0.005032,0.0,3,6,2580.0,2
30,2,K12,2,230.0,37.5,22.7,0.0,1,0,2,29.0,21.0,27.0,1,1,1,2,29.0,23.0,1,0.0049900000000000005,0.0,3,6,2100.0,1
31,2,K12,1,230.0,29.0,21.0,0.0,1,0,2,23.8,22.0,29.2,1,1,1,2,21.0,23.0,1,0.005,0.0,3,6,1980.0,0
32,1,K12,2,230.0,37.0,23.0,0.0,1,1,6,20.3,22.6,0.0,0,1,1,6,20.0,24.2,1,0.005009400000000001,0.0,3,5,1800.0,0
33,2,K21,10,230.0,32.0,24.0,0.0,1,1,2,25.0,22.0,0.0,1,0,1,2,21.0,23.0,1,0.01,0.0,3,-26,1800.0,0
34,1,K14,7,230.0,20.0,21.0,0.0,1,0,6,28.9,23.6,0.0,1,0,1,6,28.3,23.9,1,0.0100108,0.0,4,5,5400.0,0
35,2,K14,2,230.0,25.0,23.0,0.0,1,0,2,40.0,23.0,0.0,1,0,1,2,40.0,23.0,1,0.01,0.0,4,5,2400.0,0
36,2,K14,1,230.0,40.4,22.5,0.0,1,0,2,26.3,22.7,0.0,1,0,1,2,26.0,24.0,1,0.01,0.0,4,6,1800.0,0
37,6,K14,2,230.0,27.0,23.0,0.0,1,0,3,25.3,23.0,0.0,1,1,1,3,23.8,24.9,1,0.01,0.0,4,5,1800.0,0
38,3,K16,1,230.0,25.0,23.0,0.0,1,1,3,37.9,22.4,0.0,1,0,1,3,38.2,23.4,1,0.0100081,0.0,4,5,1800.0,2
39,2,K16,2,230.0,26.4,23.1,0.0,1,1,4,49.0,23.0,0.0,1,0,1,4,50.0,23.0,4,0.01,0.0,4,5,2700.0,1
40,3,K16,3,230.0,21.2,23.2,0.0,1,1,3,56.4,21.9,0.0,1,0,1,3,56.0,22.8,3,0.0100071,0.0,4,5,1800.0,0
41,4,K16,1,230.0,49.0,23.0,0.0,1,0,4,37.0,22.0,0.0,1,0,1,4,30.0,23.0,4,0.010003,0.0,4,5,1800.0,0
42,3,K16,2,230.0,56.4,21.9,0.0,1,0,2,31.0,22.0,0.0,1,0,1,4,35.0,25.0,4,0.010002800000000001,20.0,4,5,2340.0,0
43,4,K16,3,230.0,52.0,23.0,0.0,1,0,4,39.0,24.0,0.0,1,0,1,4,41.0,22.0,1,0.0100947,20.0,4,6,600.0,0
44,2,K17,1,230.0,30.6,21.7,0.0,1,0,2,50.0,22.0,0.0,1,0,1,4,50.0,23.0,1,0.01001,0.0,5,5,2040.0,0
45,4,K17,2,203.0,39.0,23.0,0.0,1,0,4,40.0,22.0,29.0,1,1,1,4,41.0,22.0,1,0.0100618,20.0,5,6,1800.0,0
46,4,K17,5,300.0,41.0,23.0,30.0,1,0,3,40.7,21.6,29.1,1,1,1,1,40.0,21.0,1,0.010006000000000001,0.0,5,5,0.0,0
47,2,K17,1,230.0,52.0,22.6,30.2,1,0,3,50.5,20.6,0.0,1,1,1,3,38.6,22.7,1,0.01001,20.0,5,5,1800.0,0
48,4,K17,2,230.0,40.0,21.0,28.0,1,0,4,38.0,20.0,28.0,1,1,1,4,38.0,21.0,3,0.0100037,200.0,5,5,0.0,0
49,4,K16,1,230.0,38.0,20.0,28.0,1,1,4,55.0,22.0,29.3,1,0,1,4,48.0,24.0,3,0.010015399999999999,0.0,5,6,1800.0,0
50,3,K20,2,230.0,27.5,20.5,27.4,1,1,3,52.9,23.2,0.0,1,0,1,3,51.4,25.3,3,0.0100532,0.0,5,5,1800.0,0
51,4,K20,3,203.0,29.0,20.0,0.0,1,1,3,29.3,22.4,29.2,1,0,1,3,26.4,24.2,4,0.0101817,0.0,5,5,1800.0,0
52,4,K20,1,230.0,45.0,22.5,29.0,1,0,3,44.3,24.3,31.0,1,0,1,3,36.1,27.0,4,0.0100255,20.0,5,6,1800.0,0
53,3,K20,2,230.0,29.2,22.3,29.1,0,0,3,45.3,24.2,30.5,1,0,0,3,0.0,0.0,3,0.0100075,20.0,5,7,1800.0,0
54,4,K19,3,230.0,37.0,23.0,0.0,1,0,4,44.0,25.0,31.0,1,0,1,4,0.0,0.0,3,0.0100862,0.0,5,6,2400.0,0
55,4,K19,1,230.0,0.0,0.0,31.0,1,0,4,0.0,0.0,32.4,1,0,0,3,41.2,27.0,3,0.0101533,40.0,5,4,1800.0,0
56,4,K19,3,230.0,0.0,0.0,31.0,1,0,3,0.0,0.0,33.0,1,0,1,3,45.7,29.7,4,0.0100033,20.0,6,6,1800.0,0
57,4,K19,1,230.0,0.0,0.0,33.0,1,0,3,0.0,0.0,32.0,1,0,0,4,53.0,25.0,4,0.0100791,42.0,6,5,0.0,0
58,3,K19,2,230.0,0.0,0.0,31.8,1,0,4,0.0,0.0,32.7,1,0,0,3,53.6,25.2,4,0.010093,42.0,6,6,1800.0,0
59,4,K19,3,230.0,0.0,0.0,33.0,1,0,4,0.0,0.0,32.0,1,1,1,4,44.0,26.0,3,0.0101313,20.0,6,6,2100.0,0
60,4,K23,1,230.0,0.0,0.0,25.0,1,0,4,0.0,0.0,30.0,1,1,1,4,47.0,29.0,3,0.0101422,20.0,6,7,1800.0,0
61,3,K24,2,230.0,0.0,0.0,32.4,1,0,3,0.0,0.0,27.6,1,1,1,3,57.9,26.3,4,0.0050747,0.0,6,6,1800.0,0
62,4,K23,3,230.0,0.0,0.0,32.4,1,1,4,0.0,0.0,33.0,1,1,1,4,51.0,27.0,3,0.0100371,0.0,6,6,1800.0,0
63,3,K23,4,230.0,0.0,0.0,30.8,1,1,3,0.0,0.0,29.5,1,1,1,3,55.4,26.7,4,0.010788,30.5,6,5,1800.0,0
64,4,K23,1,230.0,0.0,0.0,33.0,1,1,4,0.0,0.0,32.0,1,0,1,4,36.0,27.0,3,0.0101862,3.0,6,6,1800.0,0
65,3,K23,2,230.0,0.0,0.0,29.3,1,1,3,0.0,0.0,31.8,1,1,1,3,33.4,26.9,4,0.010142400000000001,3.5,6,6,1800.0,0
66,4,K23,3,230.0,0.0,0.0,30.8,1,0,3,0.0,0.0,33.0,1,1,1,4,44.0,25.0,3,0.0100115,3.0,6,5,1500.0,0
67,4,K27,1,230.0,0.0,0.0,31.0,1,1,4,0.0,0.0,34.0,1,1,1,4,41.4,27.9,3,0.0101326,3.2,7,6,1800.0,0
68,3,K27,2,230.0,0.0,0.0,31.0,1,1,2,0.0,0.0,33.0,1,1,1,4,41.0,25.0,4,0.010006000000000001,3.0,7,5,2700.0,0
69,4,K27,3,230.0,0.0,0.0,32.0,1,1,4,0.0,0.0,31.0,1,1,1,4,40.0,26.0,4,0.0100287,3.0,7,5,1800.0,0
70,4,K27,1,230.0,0.0,0.0,34.0,1,1,4,0.0,0.0,32.0,1,1,1,4,40.0,24.0,3,0.0100149,3.0,7,6,1800.0,0
71,4,K27,3,230.0,0.0,0.0,31.0,1,1,4,0.0,0.0,32.0,1,1,1,4,42.0,25.0,4,0.010048,3.0,7,6,1800.0,0
72,4,K27,4,230.0,0.0,0.0,32.0,1,1,3,0.0,0.0,32.7,1,1,1,3,34.0,27.6,3,0.010065200000000002,90.6,7,6,1800.0,0
73,3,K27,1,230.0,0.0,0.0,29.2,1,1,3,0.0,0.0,32.7,1,1,1,4,42.0,25.0,4,0.010010999999999999,3.2,7,5,1800.0,0
74,4,K27,2,230.0,0.0,0.0,32.0,1,1,4,0.0,0.0,26.0,1,1,0,4,43.0,25.0,4,0.010005,6.0,7,6,1800.0,0
75,3,K27,4,230.0,0.0,0.0,32.7,1,1,4,0.0,0.0,27.0,1,1,1,4,56.0,26.0,4,0.010016500000000001,3.0,7,6,1800.0,0
76,3,K30,2,230.0,0.0,0.0,32.6,1,1,3,0.0,0.0,28.2,1,0,1,3,56.0,25.8,3,0.010061,0.0,7,5,1800.0,0
77,4,K30,3,250.0,0.0,0.0,27.0,1,1,4,0.0,0.0,31.0,1,1,1,4,0.0,0.0,3,0.0100701,0.0,7,6,1800.0,0
78,3,K30,4,230.0,0.0,0.0,25.9,1,1,3,0.0,0.0,30.2,1,1,1,3,40.7,25.9,3,0.0050765,2.0,7,5,1800.0,1
79,3,K30,1,230.0,62.8,25.3,28.2,1,0,3,44.0,28.1,28.0,1,0,1,4,0.0,0.0,3,0.010027,0.0,8,5,1800.0,2
80,4,K30,2,230.0,61.0,26.0,31.0,1,1,4,44.0,22.0,29.0,1,0,1,4,52.0,27.0,1,0.010076100000000001,3.0,8,6,1800.0,2
81,3,K30B,3,230.0,51.3,23.9,30.2,1,1,3,42.4,23.7,30.0,1,0,1,3,46.0,28.0,3,0.0100474,25.5,8,5,1800.0,1
82,3,K30B,4,230.0,50.4,22.5,28.7,1,1,4,51.0,27.0,33.0,1,0,1,3,47.2,28.5,3,0.0100237,25.5,8,5,1800.0,0
83,4,K30B,2,230.0,51.0,27.0,33.0,1,0,4,49.0,26.0,33.0,1,0,1,4,46.0,28.0,4,0.0100379,1.5,8,6,1800.0,0
84,4,K30B,3,230.0,21.0,27.0,33.0,1,0,4,48.0,26.0,33.0,1,0,1,4,47.0,28.0,4,0.0100847,0.0,8,6,1800.0,0
85,3,K32A,4,230.0,42.0,28.4,30.0,1,0,3,49.3,26.3,32.0,1,0,1,3,44.5,31.0,3,0.005,1.2000000000000002,8,5,1800.0,0
86,4,K31,2,230.0,48.0,26.0,33.0,1,0,4,49.0,30.0,31.0,1,0,1,4,40.0,31.0,4,0.010072900000000001,3.0,8,6,2400.0,0
87,3,K31,3,230.0,49.1,26.3,32.7,1,0,3,44.8,31.0,31.5,1,0,1,3,43.0,33.0,4,0.010043900000000001,3.5,8,5,1800.0,0
88,4,K31,4,230.0,53.0,27.0,34.0,1,0,4,42.0,33.0,33.0,1,0,1,4,36.0,33.0,3,0.0050336,4.0,8,6,1800.0,0
89,4,K31,1,230.0,40.0,30.0,30.0,0,0,4,55.0,24.0,30.0,1,0,1,4,53.0,24.0,4,0.0100255,3.0,8,6,1800.0,0
90,3,K32B,2,230.0,44.5,31.0,31.2,1,0,3,45.8,23.0,29.0,1,0,1,3,40.3,24.3,4,0.010191700000000001,2.5,8,6,1800.0,0
91,4,K32,3,230.0,42.0,33.0,33.0,1,0,4,42.0,22.0,29.0,1,0,1,4,42.0,24.0,3,0.0100245,3.0,8,6,1800.0,0
92,4,K32,4,230.0,42.0,31.0,31.0,1,0,3,51.7,21.7,29.0,1,1,1,3,63.9,23.4,4,0.0100217,2.5,8,5,1800.0,1
93,3,K32B,1,230.0,45.8,23.0,29.0,1,0,3,35.4,26.6,30.0,1,1,1,3,26.0,29.3,4,0.0100668,2.5,8,5,1800.0,2
94,4,K34,2,230.0,42.0,22.0,29.0,1,0,4,30.0,27.0,28.0,1,1,1,4,32.0,28.0,4,0.0100949,3.0,8,6,1800.0,2
95,3,K32B,3,230.0,51.1,21.7,28.0,1,1,3,40.0,27.5,30.0,1,1,1,3,33.2,29.6,4,0.010036699999999999,2.5,8,5,1800.0,1
96,4,K34,4,230.0,55.0,23.0,28.0,1,1,4,38.0,27.0,29.0,1,1,1,4,50.0,28.0,4,0.0100386,6.0,9,6,1800.0,1
97,4,K34,1,230.0,31.0,28.0,28.0,1,1,4,50.0,28.0,35.0,1,1,0,4,50.0,28.0,4,0.010092599999999998,6.0,9,5,1800.0,0
98,4,K34,3,230.0,52.0,28.0,28.0,1,1,4,53.0,25.0,26.0,1,1,1,4,52.0,25.0,4,0.010061,3.0,9,6,1800.0,0
99,4,K34,2,230.0,53.0,25.0,26.0,1,1,4,55.0,22.0,30.0,1,1,1,4,52.0,25.0,4,0.0050431,2.0,9,5,1800.0,0
100,4,K34,4,230.0,52.0,23.0,25.0,1,1,4,52.0,23.0,30.0,1,1,1,4,52.0,23.0,4,0.005,2.5,9,5,1800.0,0
101,4,K37,1,230.0,55.0,22.0,30.0,1,1,4,41.0,23.0,24.0,1,1,1,4,39.0,23.0,4,0.0201507,4.0,9,6,1800.0,0
102,4,K34,2,230.0,55.0,21.0,29.0,1,0,3,39.0,23.3,29.9,1,0,1,3,52.4,25.3,3,0.0100179,3.0,9,-83,1800.0,0
103,4,NONE,3,230.0,52.0,23.0,30.0,1,1,4,55.0,23.0,30.0,1,0,1,3,49.8,25.5,3,0.0,9.0,9,6,1800.0,0
104,4,K37,4,230.0,51.0,22.0,30.0,1,1,3,52.8,23.2,26.0,1,1,1,4,50.0,27.0,5,0.010017400000000001,4.0,9,6,1800.0,0
105,3,K37,1,230.0,38.0,23.7,27.6,1,1,5,34.8,24.9,31.1,1,1,1,3,38.5,30.0,3,0.010080500000000001,3.0,9,6,1800.0,3
106,3,K37,3,230.0,52.8,23.2,26.0,1,1,5,38.3,22.3,28.8,1,0,1,3,37.2,24.7,5,0.010034000000000001,1.0,9,5,1800.0,3
107,4,K37,4,230.0,52.0,23.0,30.0,1,0,4,33.0,22.0,29.0,1,0,1,4,33.0,22.0,4,0.0103742,3.0,9,6,1800.0,2
108,4,K39,1,230.0,55.0,26.0,32.0,1,0,5,43.2,23.1,25.7,1,1,1,5,0.0,0.0,5,0.010004200000000001,0.0,10,6,1800.0,0
109,5,K39,2,230.0,38.0,22.0,28.5,1,0,3,47.4,23.2,27.8,1,1,1,5,41.8,26.8,3,0.0100475,1.5,10,6,1800.0,0
110,4,K39,3,230.0,33.0,22.0,29.0,1,0,4,43.0,23.0,30.5,1,0,1,4,0.0,0.0,5,0.0100819,0.0,10,6,1800.0,0
111,5,K39,4,230.0,36.5,22.0,29.3,1,0,5,41.5,23.2,28.2,1,0,1,3,58.7,24.3,3,0.0100388,20.0,10,5,1800.0,0
112,3,K39,1,230.0,47.4,23.2,28.1,1,0,5,27.6,21.4,22.0,1,0,1,4,52.0,23.0,4,0.0050973,1.5,10,6,2100.0,0
113,4,K39,2,300.0,33.0,23.0,30.0,1,0,4,48.0,22.0,28.0,1,0,1,4,52.0,23.0,4,0.0050431,1.5,10,6,1800.0,0
114,5,K38,3,230.0,41.5,23.2,21.9,1,0,3,58.8,24.0,30.2,1,0,1,3,0.0,0.0,3,0.010044,0.0,10,6,2100.0,0
115,5,K39,4,230.0,47.0,25.0,31.0,1,0,5,48.0,23.4,24.8,1,0,1,3,58.6,19.6,3,0.010066599999999998,1.0,10,6,1800.0,0
116,4,K39,1,230.0,48.0,23.0,28.0,1,0,5,55.0,18.5,25.5,1,1,1,5,58.6,19.6,3,0.0100867,1.0,10,6,1800.0,0
117,5,K39,2,230.0,58.8,24.0,30.2,1,0,3,55.5,17.8,24.5,1,1,1,3,56.5,19.4,5,0.0100678,3.0,10,6,2400.0,0
118,5,K39,3,230.0,48.0,23.3,24.8,1,0,5,61.0,19.8,26.0,1,1,1,5,61.0,19.8,3,0.0100981,3.0,10,6,1800.0,0
119,4,MIX,4,230.0,44.0,22.0,24.0,1,1,3,69.2,20.4,27.1,1,1,1,3,62.6,20.8,5,0.0100475,3.0,10,5,1800.0,0
120,3,K42,1,230.0,55.5,17.8,24.6,1,1,4,60.0,19.0,26.0,1,0,1,4,58.0,19.0,4,0.0100456,1.5,10,4,1800.0,2
121,5,K42,2,230.0,61.0,19.8,26.0,1,1,3,58.2,18.8,25.9,1,0,1,5,53.9,20.6,5,0.0101902,4.5,10,6,1800.0,2
122,5,K42,3,230.0,51.1,19.7,26.8,1,0,4,52.0,18.0,5.0,1,0,1,4,51.0,19.0,4,0.0100158,3.0,10,5,1800.0,2
123,3,K43,1,230.0,58.2,18.8,25.7,1,0,3,41.1,20.1,26.8,1,0,1,3,39.7,20.8,3,0.010004200000000001,3.0,10,6,1800.0,0
124,4,K42,3,203.0,52.0,18.0,25.0,1,0,3,40.1,20.0,28.2,1,0,1,3,37.2,20.8,7,0.0100394,0.5,11,6,1800.0,0
125,6,K43,3,230.0,47.5,18.1,24.3,0,1,5,45.7,20.9,28.2,1,1,1,5,45.0,21.5,3,0.005041,3.0,11,5,1800.0,0
126,3,K43,1,230.0,36.8,20.6,27.1,1,0,3,46.9,21.0,27.9,1,1,1,3,42.0,21.5,3,0.020141,3.0,11,5,1800.0,0
127,3,K43,2,230.0,35.7,21.5,28.5,1,0,5,64.2,21.6,28.5,1,1,1,5,44.4,22.5,3,0.0100678,3.0,11,5,1800.0,0
128,5,K43,3,230.0,42.8,21.5,28.5,1,1,3,42.1,21.5,28.5,1,1,1,3,44.9,22.5,5,0.0100583,3.0,11,5,1800.0,0
129,5,K43,4,230.0,37.1,21.7,29.1,1,1,5,50.0,21.8,28.2,1,0,1,5,42.3,20.9,3,0.0100321,2.1,11,5,1800.0,0
130,5,K45,1,230.0,64.2,21.6,28.5,1,1,5,47.0,21.5,28.8,1,0,1,3,42.1,21.1,3,0.0400152,3.0,11,6,1800.0,0
131,3,K43,2,230.0,44.7,21.8,29.1,1,0,5,42.2,21.0,27.6,1,0,1,3,36.9,21.5,3,0.0100772,3.0,11,5,1800.0,0
132,5,K45,3,230.0,44.0,25.0,0.0,1,1,5,37.7,20.7,0.0,1,0,1,5,25.4,20.7,5,0.010091699999999999,3.0,11,5,1800.0,0
133,3,K45,4,230.0,0.0,0.0,0.0,1,1,3,20.5,25.1,27.1,1,0,1,3,25.3,21.1,3,0.0100354,3.0,11,5,1800.0,0
134,5,K46,1,230.0,42.8,20.6,27.1,1,0,5,25.2,19.9,27.1,1,1,1,5,35.2,20.9,1,0.01002,3.0,11,6,2400.0,0
135,5,K46,2,230.0,37.6,20.9,27.6,1,0,5,0.0,0.0,0.0,1,1,1,3,23.0,20.0,1,0.010045199999999999,3.0,11,3,3000.0,0
136,5,K46,3,230.0,20.5,25.0,27.6,1,0,5,23.1,19.8,26.8,1,1,1,3,24.8,20.6,3,0.0200269,3.0,11,6,1800.0,0
137,3,K47,4,230.0,36.8,21.3,29.6,1,1,5,50.0,20.9,27.6,1,1,1,5,43.5,21.2,3,0.0050834,3.0,11,5,2100.0,0
138,5,K46,1,230.0,33.0,21.2,27.9,1,1,5,36.0,20.4,27.6,1,1,1,5,30.0,20.7,5,0.010835699999999998,3.0,11,5,1800.0,0
139,3,K45,2,230.0,23.7,19.9,27.4,1,1,4,30.0,20.0,27.0,1,1,1,5,28.4,20.5,5,0.010015399999999999,3.0,11,5,1800.0,0
140,5,K46,3,230.0,52.0,20.9,27.6,1,1,5,28.2,20.5,26.8,1,1,1,4,25.0,20.0,4,0.010016,3.0,11,-25,1800.0,0
141,5,K46,4,230.0,38.5,20.8,27.9,1,1,5,25.0,20.8,27.6,1,1,1,5,28.2,21.7,5,0.0200505,3.0,12,5,1800.0,0
142,4,MIX,1,230.0,20.0,25.0,27.0,1,1,4,53.0,21.0,27.0,1,0,1,5,48.0,22.0,4,0.020121200000000002,3.0,12,6,1800.0,0
143,5,K48,2,230.0,28.4,20.5,27.4,1,1,5,47.5,21.5,28.2,1,0,1,3,37.7,21.5,3,0.0100504,3.0,12,6,1800.0,0
144,3,K48,3,230.0,24.9,20.9,27.9,1,0,3,37.9,21.3,24.8,1,0,1,3,36.4,22.2,5,0.0100256,2.0,12,5,1800.0,0
145,4,K48,4,230.0,40.0,22.0,27.0,1,1,4,28.0,21.0,27.0,1,0,1,4,27.0,22.0,4,0.0201802,3.0,12,5,1800.0,0
146,4,K48,11,230.0,40.0,22.0,27.0,1,1,4,28.0,21.0,27.0,1,0,1,4,38.0,22.0,4,0.0100289,3.0,12,5,1800.0,0
147,5,K49,1,230.0,47.7,21.4,28.2,1,0,3,23.1,19.8,27.4,1,0,1,5,0.0,0.0,5,0.0100265,3.0,12,5,1800.0,0
148,3,K49,2,230.0,37.3,21.9,28.0,1,0,5,25.4,20.0,26.7,1,0,1,4,31.0,20.0,4,0.0100056,3.0,12,6,1800.0,0
149,4,K49,3,230.0,28.0,21.0,27.0,1,0,4,31.0,20.0,27.0,1,0,1,4,29.0,21.0,4,0.010027,3.0,12,6,1800.0,0
150,5,K49,4,230.0,36.1,21.8,29.1,1,0,5,39.0,21.0,27.0,1,0,1,4,45.0,21.0,1,0.0100289,3.0,12,4022,1800.0,33
151,5,K49,11,230.0,35.0,23.0,29.0,1,0,4,39.0,21.0,27.0,1,0,1,4,44.0,22.0,4,0.0100679,3.0,12,5,1800.0,0
152,4,K01,4,230.0,21.0,37.0,27.0,1,1,3,20.0,19.0,28.5,1,1,1,4,20.0,19.0,4,0.010072900000000001,3.0,1,6,1800.0,0
153,4,K01,11,230.0,37.0,21.0,27.0,1,1,3,20.9,19.4,28.5,1,1,1,4,31.0,20.0,4,0.0200999,3.6,1,6,1800.0,0
154,4,K01+02,2,230.0,19.0,20.0,28.0,1,1,4,33.0,19.0,28.0,1,0,1,3,39.5,20.9,3,0.0201271,12.0,1,5,1800.0,0
155,3,K02,3,250.0,20.4,19.4,28.5,1,1,3,39.5,21.0,28.5,1,0,1,4,41.0,21.0,4,0.0100479,3.0,1,5,1800.0,0
156,4,K02,4,230.0,20.0,20.0,27.0,1,1,4,43.9,21.0,29.0,1,0,1,4,27.0,19.0,4,0.0100725,3.0,1,5,1800.0,0
157,4,K02,1,230.0,35.0,20.0,28.0,1,0,4,27.0,19.0,29.0,1,0,1,3,48.5,19.9,3,0.010061,3.0,1,6,1800.0,0
158,3,K02,2,230.0,39.8,21.1,28.8,1,0,3,48.5,19.5,27.4,1,0,1,4,49.0,20.0,4,0.0201157,3.0,1,5,1800.0,0
159,4,K02,3,230.0,40.0,21.0,28.0,1,0,4,49.0,20.0,28.0,1,0,1,3,38.0,20.2,3,0.020093800000000002,3.0,1,5,1560.0,0
160,3,K03,4,230.0,0.0,20.4,0.0,1,0,3,37.9,20.6,25.0,1,1,1,4,40.0,20.0,4,0.010054,3.0,1,5,1800.0,0
161,3,K03,1,230.0,48.6,19.3,27.1,1,0,3,35.7,20.2,27.8,1,0,1,4,40.0,20.0,4,0.0200918,3.0,1,6,1800.0,0
162,4,K03,2,230.0,49.0,20.0,28.0,1,0,4,39.0,20.0,28.0,1,0,1,3,33.7,20.4,3,0.0200891,3.0,1,5,1800.0,0
163,3,K03,3,230.0,38.0,20.2,28.0,1,1,3,34.1,20.7,25.0,1,0,1,4,40.0,20.0,4,0.0201444,2.9000000000000004,1,6,1800.0,0
164,4,K03,4,203.0,40.0,20.0,29.0,1,1,4,41.0,19.0,27.0,1,0,1,4,48.0,20.0,4,0.0200854,3.0,1,15,2100.0,0
165,4,K03,1,230.0,40.0,20.0,28.0,1,0,4,32.0,18.0,26.0,1,1,1,4,38.0,19.0,4,0.0200569,3.0,1,6,1800.0,0
166,3,K03,2,230.0,33.6,20.4,27.8,1,0,3,36.2,18.2,26.0,1,1,1,4,38.0,19.0,4,0.0200865,6.0,1,5,1800.0,0
167,4,K04,3,230.0,41.0,19.0,27.0,1,0,4,36.0,18.0,27.0,1,1,1,3,47.3,20.2,3,0.020024899999999998,3.0,2,6,5700.0,0
168,3,K04,4,230.0,44.2,20.3,28.2,1,1,3,42.3,19.7,28.5,1,1,1,3,37.8,21.2,3,0.020035900000000002,3.0,2,5,2400.0,0
169,3,K04,1,230.0,36.2,18.2,26.0,1,1,3,34.5,20.1,28.2,1,1,1,4,38.0,19.0,4,0.0200245,3.0,2,6,1800.0,2
170,4,K04,2,230.0,36.0,18.0,27.0,1,1,4,38.0,19.0,27.0,1,1,1,1,34.9,20.4,8,0.02,0.0,2,6,1800.0,3
171,3,K04,3,230.0,47.9,19.8,27.6,1,1,3,34.7,20.0,28.0,1,0,1,4,34.0,20.0,4,0.0200303,3.0,2,5,1800.0,3
172,4,K04,4,203.0,35.0,20.0,28.0,1,1,4,34.0,20.0,27.0,1,0,1,3,44.7,21.2,3,0.0100175,3.5,2,5,1800.0,3
173,4,K04+06,1,230.0,38.0,19.0,27.0,1,1,4,46.0,20.0,26.0,1,0,1,1,33.9,21.1,1,0.020024300000000002,0.0,2,6,1800.0,0
174,3,K06B,2,230.0,34.7,20.0,28.0,1,0,3,34.4,20.6,28.5,1,0,1,3,30.4,20.7,3,0.0100845,0.72,2,5,1800.0,0
175,4,K07,3,230.0,34.0,20.0,27.0,1,0,4,30.0,20.0,28.0,1,0,1,1,0.0,0.0,1,0.020132999999999998,0.0,2,6,1800.0,0
176,3,K07,4,230.0,45.4,20.9,28.5,1,0,3,33.5,21.0,28.5,1,0,1,4,0.0,0.0,4,0.010112999999999999,0.0,2,371,1800.0,20
177,4,K07,2,230.0,19.0,20.0,27.0,1,1,4,30.0,21.0,27.0,1,1,2,7,30.0,21.0,7,0.010055,3.0,2,6,1800.0,0
178,3,K06A,3,230.0,39.5,20.4,28.2,1,1,3,33.9,19.4,28.0,0,0,1,3,34.2,21.8,1,0.010023500000000001,3.0,2,8,1800.0,0
179,4,K06,4,230.0,32.0,19.0,27.0,1,1,3,30.4,19.7,28.0,1,0,2,1,28.1,22.3,1,0.0201354,3.0,3,6,1800.0,0
180,4,K06,5,230.0,32.0,19.0,27.0,1,1,3,30.4,19.7,28.0,1,0,2,1,28.1,22.3,1,0.0200673,3.0,3,6,1800.0,0
181,4,K06,6,230.0,32.0,19.0,28.0,1,1,3,30.4,19.7,28.0,1,0,2,1,28.1,22.3,1,0.0210077,3.0,3,5,2400.0,0
182,4,K MIX,7,230.0,32.0,19.0,28.0,1,1,3,30.4,19.7,28.0,1,0,2,1,28.1,22.3,1,0.0218712,3.0,3,5,1800.0,0
183,3,K10,1,230.0,34.5,21.5,30.0,1,0,3,33.7,19.3,27.7,1,0,2,3,36.1,21.1,4,0.0200344,3.0,3,5,1800.0,3
184,3,K10,2,230.0,34.5,21.5,30.0,1,0,3,33.7,19.3,27.7,1,0,2,3,36.2,21.1,4,0.0200416,3.0,3,5,1800.0,3
185,3,K10,3,230.0,34.5,21.5,30.0,1,0,3,33.7,19.3,27.7,1,0,2,3,36.2,21.1,4,0.0200114,3.0,3,5,1800.0,3
186,3,K10,4,230.0,34.5,21.5,30.0,1,0,3,33.7,19.3,27.7,1,0,2,3,36.2,21.1,4,0.020079,3.0,3,5,1800.0,3
187,3,K10,5,230.0,29.9,20.8,28.8,1,0,4,33.0,19.0,28.0,1,0,1,3,0.0,0.0,3,0.020043500000000002,0.0,3,5,1800.0,4
188,3,K10,6,230.0,29.9,20.8,28.8,1,0,4,33.0,19.0,27.0,1,0,1,3,0.0,0.0,3,0.0200388,0.0,3,5,1800.0,4
189,3,K10,7,130.0,39.9,20.8,28.8,1,0,4,33.0,19.0,28.0,1,0,1,3,0.0,0.0,3,0.020026099999999998,0.0,3,5,1800.0,4
190,3,K10,8,230.0,29.9,20.8,28.8,1,0,4,33.0,19.0,28.0,1,0,1,3,0.0,0.0,3,0.020108,0.0,3,5,1800.0,4
191,4,K11,2,230.0,33.0,19.0,28.0,1,0,4,33.0,22.0,29.0,1,1,2,8,30.6,22.0,3,0.0200767,0.0,3,6,1800.0,0
192,4,K11,3,230.0,32.0,20.0,28.0,1,0,3,31.3,20.1,30.0,1,1,2,4,42.0,22.0,3,0.020019,3.0,3,6,1800.0,0
193,4,K10+11,4,230.0,31.0,21.0,29.0,1,0,4,40.0,23.0,30.0,1,1,1,4,32.0,21.0,4,0.0078352,2.5,3,5,1800.0,0
194,4,K11,1,230.0,36.0,22.0,30.0,1,1,4,21.0,21.0,30.0,1,0,1,4,0.0,0.0,4,0.0200048,0.0,3,5,1800.0,0
195,3,K11,2,230.0,31.3,20.1,30.1,1,1,3,34.2,21.1,29.1,1,1,1,4,27.0,20.0,4,0.020005400000000003,3.0,3,3659,1800.0,40
196,4,K11,3,230.0,42.0,22.0,30.0,1,1,4,29.0,20.0,30.0,1,0,1,8,28.5,20.3,4,0.020045999999999998,0.0,3,6,1800.0,0
197,3,K11,4,230.0,46.3,21.7,29.2,1,1,3,27.5,20.1,28.2,1,0,1,4,31.0,21.0,4,0.020030000000000003,3.0,3,5,1800.0,0
198,4,K11,3,230.0,29.0,20.0,30.0,1,0,4,32.0,20.0,29.0,1,0,1,3,40.9,21.6,3,0.020028999999999998,3.0,3,6,1800.0,0
199,3,K11,4,230.0,27.6,20.1,28.2,1,0,3,41.0,21.5,32.0,1,1,1,3,0.0,0.0,3,0.020016100000000002,0.0,3,5,1800.0,0
200,4,K11,2,230.0,42.0,21.0,31.0,0,0,4,42.0,20.0,30.0,1,1,1,4,42.0,23.0,4,0.020017499999999997,3.0,3,5,1800.0,0
201,4,K11,1,230.0,32.0,20.0,29.0,1,0,4,41.0,23.0,31.0,1,1,1,8,0.0,0.0,8,0.0200041,0.0,4,6,1800.0,0
202,3,K11,2,230.0,41.0,21.5,30.0,1,1,3,30.8,22.2,30.3,1,1,1,3,0.0,0.0,3,0.0200439,0.0,4,5,1800.0,1
203,4,K13,1,230.0,41.0,20.0,30.0,1,1,4,31.0,21.0,31.0,1,1,0,3,31.4,22.1,3,0.0200142,1.0,4,5,1800.0,2
204,3,K13,4,230.0,32.7,23.4,33.0,1,1,3,31.0,21.5,30.2,1,1,0,3,38.3,23.0,3,0.020051,3.0,4,5,1800.0,3
205,3,K13,1,230.0,30.7,22.2,30.1,1,1,3,37.9,22.9,33.0,1,1,0,3,29.7,23.7,3,0.0200717,3.0,4,5,-300.0,2
206,3,K13,2,230.0,30.7,22.2,30.1,1,1,3,37.9,22.8,33.0,1,1,0,3,29.8,23.7,3,0.0200385,3.0,4,5,-300.0,2
207,4,K13,3,230.0,31.0,22.0,31.0,1,1,3,29.9,23.7,33.0,1,0,3,3,28.1,22.7,3,0.020005,3.0,4,6,1800.0,1
208,4,K13,4,230.0,31.0,20.0,31.0,1,1,3,29.8,23.8,33.0,1,1,3,8,0.0,0.0,8,0.0200885,0.0,4,6,1800.0,1
209,4,K14,2,230.0,39.0,23.0,32.0,1,1,3,25.6,21.6,29.9,1,1,3,3,24.2,20.1,3,0.020073,3.0,4,5,2100.0,0
210,4,K14,2,230.0,39.0,23.0,31.0,1,1,3,25.6,21.6,29.9,1,1,3,3,24.2,20.1,3,0.020003399999999998,3.0,4,5,2100.0,0
211,4,K14,3,230.0,39.0,23.0,32.0,1,1,3,25.6,21.5,29.9,1,1,3,1,0.0,0.0,1,0.0200427,3.0,4,5,2400.0,0
212,4,K14,4,230.0,39.0,23.0,31.0,1,1,3,25.0,20.9,29.9,1,1,3,1,0.0,0.0,1,0.0200242,3.0,4,5,3000.0,0
213,3,K14,1,250.0,29.8,23.8,32.5,1,0,3,22.0,19.7,29.7,1,0,0,1,22.0,14.0,1,0.020054600000000002,3.0,4,5,2400.0,0
214,3,K15,1,230.0,25.4,21.4,29.7,1,1,3,25.9,18.4,27.0,1,0,3,1,35.3,19.0,1,0.020002199999999998,3.0,4,5,1800.0,0
215,3,K15,2,230.0,25.4,21.4,29.7,1,1,3,25.9,18.4,27.0,1,0,3,8,0.0,0.0,8,0.0200371,3.78,4,5,1800.0,0
216,3,K15,3,230.0,25.4,21.4,29.7,1,1,3,25.9,18.4,27.0,1,1,3,4,45.4,18.7,3,0.0200241,3.0,4,5,1800.0,0
217,3,K15,4,230.0,25.4,21.4,29.7,1,1,3,25.9,18.4,27.0,1,1,3,4,45.4,18.7,3,0.020007,3.0,4,5,1800.0,0
218,3,K15,1,230.0,22.3,18.3,27.1,1,0,4,49.0,17.0,29.0,1,0,0,4,0.0,0.0,4,0.020016,0.0,4,5,1800.0,0
219,3,K15,2,230.0,22.3,18.3,27.1,1,0,4,44.0,17.0,29.0,1,0,3,4,0.0,0.0,1,0.020029699999999998,0.0,4,5,1800.0,0
220,3,K15,3,230.0,22.3,18.3,27.1,1,0,4,44.0,17.0,29.0,1,0,3,4,0.0,0.0,4,0.0200096,0.0,4,5,1800.0,0
221,3,K17,4,230.0,22.3,18.3,27.1,1,0,4,44.0,17.0,29.0,1,0,3,4,0.0,0.0,4,0.0200298,0.0,4,5,1800.0,0
222,3,K17,1,230.0,32.9,18.8,28.0,1,0,3,40.6,19.2,27.1,1,1,3,4,47.0,19.0,4,0.0200122,3.0,4,5,1800.0,0
223,3,K17,2,230.0,32.9,18.8,28.0,1,0,3,40.6,19.2,27.1,1,1,3,4,49.0,19.0,4,0.0200282,3.0,4,5,1980.0,0
224,3,K17,3,230.0,32.9,18.8,28.0,1,0,3,40.6,19.2,27.1,1,1,3,4,49.0,20.0,4,0.0200029,3.0,4,5,1800.0,0
225,3,K17,1,230.0,40.6,19.2,27.1,1,1,4,49.0,20.0,26.0,1,1,0,4,40.0,19.0,4,0.020035499999999998,3.0,4,5,1800.0,0
226,3,K17,2,230.0,40.6,19.2,27.1,1,1,4,49.0,19.0,26.0,1,1,0,4,40.0,20.0,4,0.0100014,3.0,4,5,1800.0,0
227,3,K17+13,3,230.0,40.6,19.2,27.1,1,1,4,49.0,20.0,26.0,1,1,3,4,40.0,21.0,4,0.0209318,3.0,4,5,1800.0,0
228,3,K17,4,230.0,40.6,19.2,27.1,1,1,4,49.0,20.0,26.0,1,1,3,3,52.2,20.8,3,0.0200282,3.0,4,5,1800.0,0
229,4,K18A,7,230.0,49.0,19.0,27.0,1,1,4,39.0,21.0,27.0,1,1,3,3,52.3,20.8,3,0.020052499999999997,3.0,5,6,1800.0,0
230,4,K18B,8,230.0,40.0,19.0,27.0,1,1,4,40.0,21.0,27.0,1,1,3,4,49.0,21.0,4,0.0200105,3.0,5,6,1800.0,0
231,4,K18A,1,230.0,40.0,21.0,27.0,1,1,4,48.0,20.0,27.0,1,1,3,3,45.7,21.0,3,0.0200718,3.0,5,5,1800.0,0
232,3,K17,2,230.0,41.1,20.7,28.0,1,1,3,46.1,20.7,28.2,1,1,3,4,43.0,21.0,4,0.0200501,3.0,5,5,1800.0,0
233,4,K18A,4,230.0,40.0,20.0,27.0,1,1,3,37.4,21.1,29.4,1,1,3,3,38.9,22.5,3,0.0200162,3.0,5,6,1800.0,0
234,3,K18,1,230.0,46.0,20.8,28.2,1,1,4,41.0,23.0,28.0,1,1,0,3,44.8,23.5,3,0.020012899999999997,3.0,5,6,0.0,0
235,4,K18A,2,230.0,40.0,21.0,27.0,1,1,3,36.0,23.0,31.0,1,1,3,3,44.7,23.5,3,0.01,1.5,5,6,5400.0,0
236,3,K17,3,230.0,39.4,21.5,29.7,1,1,3,44.2,21.4,30.2,1,0,3,3,41.1,23.1,3,0.02,3.0,5,5,1800.0,0
237,3,K17B,4,230.0,39.4,21.5,29.7,1,1,3,44.2,21.4,30.2,1,0,3,3,41.2,23.1,3,0.02,3.0,5,5,1800.0,0
238,3,K18B,1,230.0,39.4,21.5,29.7,1,1,3,44.2,21.4,30.2,1,0,0,3,43.2,23.2,3,0.020071000000000002,3.0,5,5,1800.0,0
239,3,K18B,2,230.0,39.4,21.5,29.7,1,1,3,44.2,21.4,30.2,1,0,3,3,40.6,24.0,3,0.020017499999999997,3.0,5,5,2400.0,0
240,3,K18B,1,230.0,46.4,23.0,31.0,1,0,4,42.0,22.0,30.0,1,0,3,4,41.0,23.0,4,0.020026099999999998,3.0,5,5,1800.0,0
241,3,K21,2,230.0,46.4,23.0,31.0,1,0,4,42.0,22.0,30.0,1,0,3,4,43.0,23.0,4,0.020041899999999998,0.0,5,-25,1800.0,0
242,3,K21,3,230.0,46.4,23.0,31.0,1,0,4,42.0,22.0,30.0,1,0,3,4,45.0,24.0,4,0.020107,3.0,5,5,1800.0,0
243,4,K21,1,230.0,41.0,22.0,30.0,1,0,4,42.0,23.0,30.0,1,0,1,4,40.0,24.0,4,0.020034,3.0,6,6,1800.0,0
244,3,K21,1,230.0,41.3,24.0,32.0,1,0,3,32.0,23.0,32.0,1,1,0,3,34.0,23.0,3,0.020003,3.0,6,5,0.0,0
245,3,K21,2,230.0,41.3,24.0,32.0,1,0,3,31.6,23.2,32.0,1,1,0,3,33.9,22.5,3,0.020092199999999998,3.0,6,5,0.0,0
246,3,K21,3,230.0,41.3,24.0,32.0,1,0,3,31.6,23.2,32.0,1,1,0,3,33.9,22.8,3,0.020050000000000002,3.0,6,5,0.0,0
247,3,K21,4,230.0,41.3,24.0,32.0,1,0,3,31.6,23.2,32.0,1,1,0,3,33.9,22.8,3,0.0201554,3.0,6,5,0.0,0
248,3,K21,1,230.0,40.3,23.5,32.0,1,1,3,71.0,20.5,29.4,1,1,1,3,57.0,24.0,3,0.0200924,6.0,6,5,1800.0,0
249,3,K21,2,230.0,40.3,23.5,32.0,1,1,3,71.0,20.5,29.4,1,1,0,3,57.0,24.0,3,0.020030000000000003,3.0,6,5,87600.0,0
250,3,K21,3,230.0,40.3,23.5,32.0,1,1,3,71.0,20.5,29.4,1,1,0,3,57.0,24.0,3,0.020089,3.0,6,5,87600.0,0
251,3,K21,4,230.0,40.3,23.5,32.0,1,1,3,71.0,20.5,29.4,1,1,0,3,57.0,24.0,3,0.020105599999999998,3.0,6,5,87600.0,0
252,4,K24,3,230.0,56.0,22.0,30.0,1,1,3,60.0,25.0,33.0,1,0,0,8,58.0,22.0,3,0.020018,3.0,6,5,1800.0,0
253,4,K24,4,230.0,56.0,22.0,30.0,1,1,3,60.0,25.0,33.0,1,0,0,8,58.0,22.0,3,0.0200259,3.0,6,5,1800.0,0
254,4,K24,5,230.0,58.0,20.0,30.0,1,1,3,60.0,25.0,33.0,1,0,1,3,50.0,25.0,3,0.0200668,3.0,6,5,1800.0,0
255,4,K24,6,230.0,58.0,22.0,30.0,1,1,3,60.0,25.0,33.0,1,0,1,3,50.0,25.0,3,0.0200011,3.0,6,5,1800.0,0
256,4,K24,5,230.0,59.0,24.0,32.0,1,0,4,52.0,22.0,28.0,1,1,1,4,52.0,22.0,4,0.0200638,3.0,6,-355,1800.0,0
257,4,K24,6,230.0,59.0,24.0,32.0,1,0,4,60.0,25.0,33.0,1,0,0,4,52.0,22.0,4,0.0200386,3.0,6,-355,86400.0,0
258,4,K24,7,230.0,59.0,24.0,32.0,1,0,4,60.0,25.0,33.0,1,0,0,4,52.0,22.0,4,0.0200638,3.0,6,-355,86400.0,0
259,4,K24,8,230.0,59.0,24.0,32.0,1,0,4,60.0,25.0,33.0,1,0,0,4,52.0,22.0,4,0.020035599999999997,3.0,6,-355,86400.0,0
260,3,K24,5,230.0,51.7,27.8,35.0,1,1,3,44.7,22.7,30.7,1,1,0,3,60.4,22.4,4,0.0200568,3.0,6,5,86400.0,0
261,3,K24,6,230.0,51.7,27.8,35.0,1,1,3,44.7,22.7,30.7,1,1,0,3,60.4,22.4,4,0.020020399999999997,3.0,6,5,86400.0,0
262,3,K24,7,230.0,51.7,27.8,35.0,1,1,3,44.7,22.7,30.7,1,1,0,3,60.4,22.4,4,0.0200592,3.0,6,5,86400.0,0
263,3,K24,8,230.0,51.7,27.8,35.0,1,1,3,44.7,22.7,30.7,1,1,0,3,60.4,22.4,4,0.0200126,3.0,6,5,86400.0,0
264,3,K24,1,230.0,43.9,24.3,32.0,1,1,4,43.0,21.0,26.0,1,1,1,4,42.0,21.0,4,0.0200815,3.0,7,5,1800.0,0
265,3,K24,2,230.0,43.9,24.3,32.0,1,1,4,43.0,21.0,26.0,1,1,0,4,42.0,21.0,4,0.0200159,3.0,7,5,86400.0,0
266,3,K24,3,230.0,43.9,24.3,32.0,1,1,4,43.0,21.0,26.0,1,1,0,4,42.0,21.0,4,0.0200425,3.0,7,5,86400.0,0
267,3,K24,4,230.0,43.9,24.3,32.0,1,1,4,43.0,21.0,26.0,1,1,0,4,42.0,21.0,4,0.020032,3.0,7,5,86400.0,0
268,3,K26,5,230.0,45.8,22.5,31.0,1,0,4,60.0,25.0,31.0,1,0,1,3,60.0,25.0,3,0.0200469,3.0,7,5,174600.0,0
269,3,K26,6,230.0,45.8,22.5,31.0,1,0,4,60.0,25.0,31.0,1,0,1,3,60.0,25.0,3,0.0200259,3.0,7,5,174600.0,0
270,3,K26,7,230.0,45.8,22.5,31.0,1,0,4,60.0,25.0,31.0,1,0,1,3,60.0,25.0,3,0.0200675,3.0,7,5,174600.0,0
271,3,K26,8,230.0,45.8,22.5,31.0,1,0,4,60.0,25.0,31.0,1,0,1,3,60.0,25.0,3,0.0200045,3.0,7,5,174600.0,0
272,3,K26,5,230.0,60.0,25.0,31.0,1,0,4,50.0,22.0,29.0,1,0,1,4,54.0,25.0,4,0.020005500000000002,3.0,7,5,1800.0,0
273,3,K26,6,230.0,60.0,25.0,31.0,1,0,4,50.0,22.0,29.0,1,0,1,4,54.0,25.0,4,0.0200293,3.0,7,5,1800.0,0
274,3,K26,7,230.0,60.0,25.0,31.0,1,0,4,50.0,22.0,29.0,1,0,1,4,54.0,25.0,4,0.0200492,3.0,7,5,1800.0,0
275,3,K26,8,230.0,60.0,25.0,31.0,1,0,4,50.0,22.0,29.0,1,0,1,4,54.0,25.0,4,0.020052800000000003,3.0,7,5,1800.0,0
276,4,K28,5,230.0,54.0,21.0,30.0,1,0,2,51.0,28.0,33.5,1,1,1,4,56.0,25.0,4,0.0201034,3.0,7,7,1800.0,0
277,4,K28,6,230.0,54.0,21.0,30.0,1,0,2,51.0,28.0,33.5,1,1,1,4,56.0,25.0,4,0.020061199999999998,3.0,7,7,693600.0,0
278,4,K28,7,230.0,54.0,21.0,30.0,1,0,2,51.0,28.0,33.5,1,1,1,4,56.0,25.0,4,0.020041,3.0,7,7,694200.0,0
279,4,K28,8,230.0,54.0,21.0,30.0,1,0,2,51.0,28.0,33.5,1,1,1,4,56.0,25.0,4,0.0200645,3.0,7,7,694800.0,0
